input_file,output_file
./other/result_processing/graphs/d30-06-10/003000-NPP-d30-06-10.json,./other/result_processing/results/d30-06-10/003000-NPP-d30-06-10-RR.json
./other/result_processing/graphs/d30-06-10/003001-NPP-d30-06-10.json,./other/result_processing/results/d30-06-10/003001-NPP-d30-06-10-RR.json
./other/result_processing/graphs/d30-06-10/003002-NPP-d30-06-10.json,./other/result_processing/results/d30-06-10/003002-NPP-d30-06-10-RR.json
./other/result_processing/graphs/d30-06-10/003003-NPP-d30-06-10.json,./other/result_processing/results/d30-06-10/003003-NPP-d30-06-10-RR.json
./other/result_processing/graphs/d30-06-10/003004-NPP-d30-06-10.json,./other/result_processing/results/d30-06-10/003004-NPP-d30-06-10-RR.json
./other/result_processing/graphs/d30-06-10/003005-NPP-d30-06-10.json,./other/result_processing/results/d30-06-10/003005-NPP-d30-06-10-RR.json
./other/result_processing/graphs/d30-06-10/003006-NPP-d30-06-10.json,./other/result_processing/results/d30-06-10/003006-NPP-d30-06-10-RR.json
./other/result_processing/graphs/d30-06-10/003007-NPP-d30-06-10.json,./other/result_processing/results/d30-06-10/003007-NPP-d30-06-10-RR.json
./other/result_processing/graphs/d30-06-10/003008-NPP-d30-06-10.json,./other/result_processing/results/d30-06-10/003008-NPP-d30-06-10-RR.json
./other/result_processing/graphs/d30-06-10/003009-NPP-d30-06-10.json,./other/result_processing/results/d30-06-10/003009-NPP-d30-06-10-RR.json
./other/result_processing/graphs/d30-06-10/003010-NPP-d30-06-10.json,./other/result_processing/results/d30-06-10/003010-NPP-d30-06-10-RR.json
./other/result_processing/graphs/d30-06-10/003011-NPP-d30-06-10.json,./other/result_processing/results/d30-06-10/003011-NPP-d30-06-10-RR.json
./other/result_processing/graphs/d30-06-10/003012-NPP-d30-06-10.json,./other/result_processing/results/d30-06-10/003012-NPP-d30-06-10-RR.json
./other/result_processing/graphs/d30-06-10/003013-NPP-d30-06-10.json,./other/result_processing/results/d30-06-10/003013-NPP-d30-06-10-RR.json
./other/result_processing/graphs/d30-06-10/003014-NPP-d30-06-10.json,./other/result_processing/results/d30-06-10/003014-NPP-d30-06-10-RR.json
./other/result_processing/graphs/d30-06-10/003015-NPP-d30-06-10.json,./other/result_processing/results/d30-06-10/003015-NPP-d30-06-10-RR.json
./other/result_processing/graphs/d30-06-10/003016-NPP-d30-06-10.json,./other/result_processing/results/d30-06-10/003016-NPP-d30-06-10-RR.json
./other/result_processing/graphs/d30-06-10/003017-NPP-d30-06-10.json,./other/result_processing/results/d30-06-10/003017-NPP-d30-06-10-RR.json
./other/result_processing/graphs/d30-06-10/003018-NPP-d30-06-10.json,./other/result_processing/results/d30-06-10/003018-NPP-d30-06-10-RR.json
./other/result_processing/graphs/d30-06-10/003019-NPP-d30-06-10.json,./other/result_processing/results/d30-06-10/003019-NPP-d30-06-10-RR.json
./other/result_processing/graphs/d30-06-10/003020-NPP-d30-06-10.json,./other/result_processing/results/d30-06-10/003020-NPP-d30-06-10-RR.json
./other/result_processing/graphs/d30-06-10/003021-NPP-d30-06-10.json,./other/result_processing/results/d30-06-10/003021-NPP-d30-06-10-RR.json
./other/result_processing/graphs/d30-06-10/003022-NPP-d30-06-10.json,./other/result_processing/results/d30-06-10/003022-NPP-d30-06-10-RR.json
./other/result_processing/graphs/d30-06-10/003023-NPP-d30-06-10.json,./other/result_processing/results/d30-06-10/003023-NPP-d30-06-10-RR.json
./other/result_processing/graphs/d30-06-10/003024-NPP-d30-06-10.json,./other/result_processing/results/d30-06-10/003024-NPP-d30-06-10-RR.json
./other/result_processing/graphs/d30-06-10/003025-NPP-d30-06-10.json,./other/result_processing/results/d30-06-10/003025-NPP-d30-06-10-RR.json
./other/result_processing/graphs/d30-06-10/003026-NPP-d30-06-10.json,./other/result_processing/results/d30-06-10/003026-NPP-d30-06-10-RR.json
./other/result_processing/graphs/d30-06-10/003027-NPP-d30-06-10.json,./other/result_processing/results/d30-06-10/003027-NPP-d30-06-10-RR.json
./other/result_processing/graphs/d30-06-10/003028-NPP-d30-06-10.json,./other/result_processing/results/d30-06-10/003028-NPP-d30-06-10-RR.json
./other/result_processing/graphs/d30-06-10/003029-NPP-d30-06-10.json,./other/result_processing/results/d30-06-10/003029-NPP-d30-06-10-RR.json
./other/result_processing/graphs/d30-06-10/003030-NPP-d30-06-10.json,./other/result_processing/results/d30-06-10/003030-NPP-d30-06-10-RR.json
./other/result_processing/graphs/d30-06-10/003031-NPP-d30-06-10.json,./other/result_processing/results/d30-06-10/003031-NPP-d30-06-10-RR.json
./other/result_processing/graphs/d30-06-10/003032-NPP-d30-06-10.json,./other/result_processing/results/d30-06-10/003032-NPP-d30-06-10-RR.json
./other/result_processing/graphs/d30-06-10/003033-NPP-d30-06-10.json,./other/result_processing/results/d30-06-10/003033-NPP-d30-06-10-RR.json
./other/result_processing/graphs/d30-06-10/003034-NPP-d30-06-10.json,./other/result_processing/results/d30-06-10/003034-NPP-d30-06-10-RR.json
./other/result_processing/graphs/d30-06-10/003035-NPP-d30-06-10.json,./other/result_processing/results/d30-06-10/003035-NPP-d30-06-10-RR.json
./other/result_processing/graphs/d30-06-10/003036-NPP-d30-06-10.json,./other/result_processing/results/d30-06-10/003036-NPP-d30-06-10-RR.json
./other/result_processing/graphs/d30-06-10/003037-NPP-d30-06-10.json,./other/result_processing/results/d30-06-10/003037-NPP-d30-06-10-RR.json
./other/result_processing/graphs/d30-06-10/003038-NPP-d30-06-10.json,./other/result_processing/results/d30-06-10/003038-NPP-d30-06-10-RR.json
./other/result_processing/graphs/d30-06-10/003039-NPP-d30-06-10.json,./other/result_processing/results/d30-06-10/003039-NPP-d30-06-10-RR.json
./other/result_processing/graphs/d30-06-10/003040-NPP-d30-06-10.json,./other/result_processing/results/d30-06-10/003040-NPP-d30-06-10-RR.json
./other/result_processing/graphs/d30-06-10/003041-NPP-d30-06-10.json,./other/result_processing/results/d30-06-10/003041-NPP-d30-06-10-RR.json
./other/result_processing/graphs/d30-06-10/003042-NPP-d30-06-10.json,./other/result_processing/results/d30-06-10/003042-NPP-d30-06-10-RR.json
./other/result_processing/graphs/d30-06-10/003043-NPP-d30-06-10.json,./other/result_processing/results/d30-06-10/003043-NPP-d30-06-10-RR.json
./other/result_processing/graphs/d30-06-10/003044-NPP-d30-06-10.json,./other/result_processing/results/d30-06-10/003044-NPP-d30-06-10-RR.json
./other/result_processing/graphs/d30-06-10/003045-NPP-d30-06-10.json,./other/result_processing/results/d30-06-10/003045-NPP-d30-06-10-RR.json
./other/result_processing/graphs/d30-06-10/003046-NPP-d30-06-10.json,./other/result_processing/results/d30-06-10/003046-NPP-d30-06-10-RR.json
./other/result_processing/graphs/d30-06-10/003047-NPP-d30-06-10.json,./other/result_processing/results/d30-06-10/003047-NPP-d30-06-10-RR.json
./other/result_processing/graphs/d30-06-10/003048-NPP-d30-06-10.json,./other/result_processing/results/d30-06-10/003048-NPP-d30-06-10-RR.json
./other/result_processing/graphs/d30-06-10/003049-NPP-d30-06-10.json,./other/result_processing/results/d30-06-10/003049-NPP-d30-06-10-RR.json
./other/result_processing/graphs/d30-06-10/003050-NPP-d30-06-10.json,./other/result_processing/results/d30-06-10/003050-NPP-d30-06-10-RR.json
./other/result_processing/graphs/d30-06-10/003051-NPP-d30-06-10.json,./other/result_processing/results/d30-06-10/003051-NPP-d30-06-10-RR.json
./other/result_processing/graphs/d30-06-10/003052-NPP-d30-06-10.json,./other/result_processing/results/d30-06-10/003052-NPP-d30-06-10-RR.json
./other/result_processing/graphs/d30-06-10/003053-NPP-d30-06-10.json,./other/result_processing/results/d30-06-10/003053-NPP-d30-06-10-RR.json
./other/result_processing/graphs/d30-06-10/003054-NPP-d30-06-10.json,./other/result_processing/results/d30-06-10/003054-NPP-d30-06-10-RR.json
./other/result_processing/graphs/d30-06-10/003055-NPP-d30-06-10.json,./other/result_processing/results/d30-06-10/003055-NPP-d30-06-10-RR.json
./other/result_processing/graphs/d30-06-10/003056-NPP-d30-06-10.json,./other/result_processing/results/d30-06-10/003056-NPP-d30-06-10-RR.json
./other/result_processing/graphs/d30-06-10/003057-NPP-d30-06-10.json,./other/result_processing/results/d30-06-10/003057-NPP-d30-06-10-RR.json
./other/result_processing/graphs/d30-06-10/003058-NPP-d30-06-10.json,./other/result_processing/results/d30-06-10/003058-NPP-d30-06-10-RR.json
./other/result_processing/graphs/d30-06-10/003059-NPP-d30-06-10.json,./other/result_processing/results/d30-06-10/003059-NPP-d30-06-10-RR.json
./other/result_processing/graphs/d30-06-10/003060-NPP-d30-06-10.json,./other/result_processing/results/d30-06-10/003060-NPP-d30-06-10-RR.json
./other/result_processing/graphs/d30-06-10/003061-NPP-d30-06-10.json,./other/result_processing/results/d30-06-10/003061-NPP-d30-06-10-RR.json
./other/result_processing/graphs/d30-06-10/003062-NPP-d30-06-10.json,./other/result_processing/results/d30-06-10/003062-NPP-d30-06-10-RR.json
./other/result_processing/graphs/d30-06-10/003063-NPP-d30-06-10.json,./other/result_processing/results/d30-06-10/003063-NPP-d30-06-10-RR.json
./other/result_processing/graphs/d30-06-10/003064-NPP-d30-06-10.json,./other/result_processing/results/d30-06-10/003064-NPP-d30-06-10-RR.json
./other/result_processing/graphs/d30-06-10/003065-NPP-d30-06-10.json,./other/result_processing/results/d30-06-10/003065-NPP-d30-06-10-RR.json
./other/result_processing/graphs/d30-06-10/003066-NPP-d30-06-10.json,./other/result_processing/results/d30-06-10/003066-NPP-d30-06-10-RR.json
./other/result_processing/graphs/d30-06-10/003067-NPP-d30-06-10.json,./other/result_processing/results/d30-06-10/003067-NPP-d30-06-10-RR.json
./other/result_processing/graphs/d30-06-10/003068-NPP-d30-06-10.json,./other/result_processing/results/d30-06-10/003068-NPP-d30-06-10-RR.json
./other/result_processing/graphs/d30-06-10/003069-NPP-d30-06-10.json,./other/result_processing/results/d30-06-10/003069-NPP-d30-06-10-RR.json
./other/result_processing/graphs/d30-06-10/003070-NPP-d30-06-10.json,./other/result_processing/results/d30-06-10/003070-NPP-d30-06-10-RR.json
./other/result_processing/graphs/d30-06-10/003071-NPP-d30-06-10.json,./other/result_processing/results/d30-06-10/003071-NPP-d30-06-10-RR.json
./other/result_processing/graphs/d30-06-10/003072-NPP-d30-06-10.json,./other/result_processing/results/d30-06-10/003072-NPP-d30-06-10-RR.json
./other/result_processing/graphs/d30-06-10/003073-NPP-d30-06-10.json,./other/result_processing/results/d30-06-10/003073-NPP-d30-06-10-RR.json
./other/result_processing/graphs/d30-06-10/003074-NPP-d30-06-10.json,./other/result_processing/results/d30-06-10/003074-NPP-d30-06-10-RR.json
./other/result_processing/graphs/d30-06-10/003075-NPP-d30-06-10.json,./other/result_processing/results/d30-06-10/003075-NPP-d30-06-10-RR.json
./other/result_processing/graphs/d30-06-10/003076-NPP-d30-06-10.json,./other/result_processing/results/d30-06-10/003076-NPP-d30-06-10-RR.json
./other/result_processing/graphs/d30-06-10/003077-NPP-d30-06-10.json,./other/result_processing/results/d30-06-10/003077-NPP-d30-06-10-RR.json
./other/result_processing/graphs/d30-06-10/003078-NPP-d30-06-10.json,./other/result_processing/results/d30-06-10/003078-NPP-d30-06-10-RR.json
./other/result_processing/graphs/d30-06-10/003079-NPP-d30-06-10.json,./other/result_processing/results/d30-06-10/003079-NPP-d30-06-10-RR.json
./other/result_processing/graphs/d30-06-10/003080-NPP-d30-06-10.json,./other/result_processing/results/d30-06-10/003080-NPP-d30-06-10-RR.json
./other/result_processing/graphs/d30-06-10/003081-NPP-d30-06-10.json,./other/result_processing/results/d30-06-10/003081-NPP-d30-06-10-RR.json
./other/result_processing/graphs/d30-06-10/003082-NPP-d30-06-10.json,./other/result_processing/results/d30-06-10/003082-NPP-d30-06-10-RR.json
./other/result_processing/graphs/d30-06-10/003083-NPP-d30-06-10.json,./other/result_processing/results/d30-06-10/003083-NPP-d30-06-10-RR.json
./other/result_processing/graphs/d30-06-10/003084-NPP-d30-06-10.json,./other/result_processing/results/d30-06-10/003084-NPP-d30-06-10-RR.json
./other/result_processing/graphs/d30-06-10/003085-NPP-d30-06-10.json,./other/result_processing/results/d30-06-10/003085-NPP-d30-06-10-RR.json
./other/result_processing/graphs/d30-06-10/003086-NPP-d30-06-10.json,./other/result_processing/results/d30-06-10/003086-NPP-d30-06-10-RR.json
./other/result_processing/graphs/d30-06-10/003087-NPP-d30-06-10.json,./other/result_processing/results/d30-06-10/003087-NPP-d30-06-10-RR.json
./other/result_processing/graphs/d30-06-10/003088-NPP-d30-06-10.json,./other/result_processing/results/d30-06-10/003088-NPP-d30-06-10-RR.json
./other/result_processing/graphs/d30-06-10/003089-NPP-d30-06-10.json,./other/result_processing/results/d30-06-10/003089-NPP-d30-06-10-RR.json
./other/result_processing/graphs/d30-06-10/003090-NPP-d30-06-10.json,./other/result_processing/results/d30-06-10/003090-NPP-d30-06-10-RR.json
./other/result_processing/graphs/d30-06-10/003091-NPP-d30-06-10.json,./other/result_processing/results/d30-06-10/003091-NPP-d30-06-10-RR.json
./other/result_processing/graphs/d30-06-10/003092-NPP-d30-06-10.json,./other/result_processing/results/d30-06-10/003092-NPP-d30-06-10-RR.json
./other/result_processing/graphs/d30-06-10/003093-NPP-d30-06-10.json,./other/result_processing/results/d30-06-10/003093-NPP-d30-06-10-RR.json
./other/result_processing/graphs/d30-06-10/003094-NPP-d30-06-10.json,./other/result_processing/results/d30-06-10/003094-NPP-d30-06-10-RR.json
./other/result_processing/graphs/d30-06-10/003095-NPP-d30-06-10.json,./other/result_processing/results/d30-06-10/003095-NPP-d30-06-10-RR.json
./other/result_processing/graphs/d30-06-10/003096-NPP-d30-06-10.json,./other/result_processing/results/d30-06-10/003096-NPP-d30-06-10-RR.json
./other/result_processing/graphs/d30-06-10/003097-NPP-d30-06-10.json,./other/result_processing/results/d30-06-10/003097-NPP-d30-06-10-RR.json
./other/result_processing/graphs/d30-06-10/003098-NPP-d30-06-10.json,./other/result_processing/results/d30-06-10/003098-NPP-d30-06-10-RR.json
./other/result_processing/graphs/d30-06-10/003099-NPP-d30-06-10.json,./other/result_processing/results/d30-06-10/003099-NPP-d30-06-10-RR.json
./other/result_processing/graphs/d30-06-10/003100-NPP-d30-06-10.json,./other/result_processing/results/d30-06-10/003100-NPP-d30-06-10-RR.json
./other/result_processing/graphs/d30-06-10/003101-NPP-d30-06-10.json,./other/result_processing/results/d30-06-10/003101-NPP-d30-06-10-RR.json
./other/result_processing/graphs/d30-06-10/003102-NPP-d30-06-10.json,./other/result_processing/results/d30-06-10/003102-NPP-d30-06-10-RR.json
./other/result_processing/graphs/d30-06-10/003103-NPP-d30-06-10.json,./other/result_processing/results/d30-06-10/003103-NPP-d30-06-10-RR.json
./other/result_processing/graphs/d30-06-10/003104-NPP-d30-06-10.json,./other/result_processing/results/d30-06-10/003104-NPP-d30-06-10-RR.json
./other/result_processing/graphs/d30-06-10/003105-NPP-d30-06-10.json,./other/result_processing/results/d30-06-10/003105-NPP-d30-06-10-RR.json
./other/result_processing/graphs/d30-06-10/003106-NPP-d30-06-10.json,./other/result_processing/results/d30-06-10/003106-NPP-d30-06-10-RR.json
./other/result_processing/graphs/d30-06-10/003107-NPP-d30-06-10.json,./other/result_processing/results/d30-06-10/003107-NPP-d30-06-10-RR.json
./other/result_processing/graphs/d30-06-10/003108-NPP-d30-06-10.json,./other/result_processing/results/d30-06-10/003108-NPP-d30-06-10-RR.json
./other/result_processing/graphs/d30-06-10/003109-NPP-d30-06-10.json,./other/result_processing/results/d30-06-10/003109-NPP-d30-06-10-RR.json
./other/result_processing/graphs/d30-06-10/003110-NPP-d30-06-10.json,./other/result_processing/results/d30-06-10/003110-NPP-d30-06-10-RR.json
./other/result_processing/graphs/d30-06-10/003111-NPP-d30-06-10.json,./other/result_processing/results/d30-06-10/003111-NPP-d30-06-10-RR.json
./other/result_processing/graphs/d30-06-10/003112-NPP-d30-06-10.json,./other/result_processing/results/d30-06-10/003112-NPP-d30-06-10-RR.json
./other/result_processing/graphs/d30-06-10/003113-NPP-d30-06-10.json,./other/result_processing/results/d30-06-10/003113-NPP-d30-06-10-RR.json
./other/result_processing/graphs/d30-06-10/003114-NPP-d30-06-10.json,./other/result_processing/results/d30-06-10/003114-NPP-d30-06-10-RR.json
./other/result_processing/graphs/d30-06-10/003115-NPP-d30-06-10.json,./other/result_processing/results/d30-06-10/003115-NPP-d30-06-10-RR.json
./other/result_processing/graphs/d30-06-10/003116-NPP-d30-06-10.json,./other/result_processing/results/d30-06-10/003116-NPP-d30-06-10-RR.json
./other/result_processing/graphs/d30-06-10/003117-NPP-d30-06-10.json,./other/result_processing/results/d30-06-10/003117-NPP-d30-06-10-RR.json
./other/result_processing/graphs/d30-06-10/003118-NPP-d30-06-10.json,./other/result_processing/results/d30-06-10/003118-NPP-d30-06-10-RR.json
./other/result_processing/graphs/d30-06-10/003119-NPP-d30-06-10.json,./other/result_processing/results/d30-06-10/003119-NPP-d30-06-10-RR.json
./other/result_processing/graphs/d30-06-10/003120-NPP-d30-06-10.json,./other/result_processing/results/d30-06-10/003120-NPP-d30-06-10-RR.json
./other/result_processing/graphs/d30-06-10/003121-NPP-d30-06-10.json,./other/result_processing/results/d30-06-10/003121-NPP-d30-06-10-RR.json
./other/result_processing/graphs/d30-06-10/003122-NPP-d30-06-10.json,./other/result_processing/results/d30-06-10/003122-NPP-d30-06-10-RR.json
./other/result_processing/graphs/d30-06-10/003123-NPP-d30-06-10.json,./other/result_processing/results/d30-06-10/003123-NPP-d30-06-10-RR.json
./other/result_processing/graphs/d30-06-10/003124-NPP-d30-06-10.json,./other/result_processing/results/d30-06-10/003124-NPP-d30-06-10-RR.json
./other/result_processing/graphs/d30-06-10/003125-NPP-d30-06-10.json,./other/result_processing/results/d30-06-10/003125-NPP-d30-06-10-RR.json
./other/result_processing/graphs/d30-06-10/003126-NPP-d30-06-10.json,./other/result_processing/results/d30-06-10/003126-NPP-d30-06-10-RR.json
./other/result_processing/graphs/d30-06-10/003127-NPP-d30-06-10.json,./other/result_processing/results/d30-06-10/003127-NPP-d30-06-10-RR.json
./other/result_processing/graphs/d30-06-10/003128-NPP-d30-06-10.json,./other/result_processing/results/d30-06-10/003128-NPP-d30-06-10-RR.json
./other/result_processing/graphs/d30-06-10/003129-NPP-d30-06-10.json,./other/result_processing/results/d30-06-10/003129-NPP-d30-06-10-RR.json
./other/result_processing/graphs/d30-06-10/003130-NPP-d30-06-10.json,./other/result_processing/results/d30-06-10/003130-NPP-d30-06-10-RR.json
./other/result_processing/graphs/d30-06-10/003131-NPP-d30-06-10.json,./other/result_processing/results/d30-06-10/003131-NPP-d30-06-10-RR.json
./other/result_processing/graphs/d30-06-10/003132-NPP-d30-06-10.json,./other/result_processing/results/d30-06-10/003132-NPP-d30-06-10-RR.json
./other/result_processing/graphs/d30-06-10/003133-NPP-d30-06-10.json,./other/result_processing/results/d30-06-10/003133-NPP-d30-06-10-RR.json
./other/result_processing/graphs/d30-06-10/003134-NPP-d30-06-10.json,./other/result_processing/results/d30-06-10/003134-NPP-d30-06-10-RR.json
./other/result_processing/graphs/d30-06-10/003135-NPP-d30-06-10.json,./other/result_processing/results/d30-06-10/003135-NPP-d30-06-10-RR.json
./other/result_processing/graphs/d30-06-10/003136-NPP-d30-06-10.json,./other/result_processing/results/d30-06-10/003136-NPP-d30-06-10-RR.json
./other/result_processing/graphs/d30-06-10/003137-NPP-d30-06-10.json,./other/result_processing/results/d30-06-10/003137-NPP-d30-06-10-RR.json
./other/result_processing/graphs/d30-06-10/003138-NPP-d30-06-10.json,./other/result_processing/results/d30-06-10/003138-NPP-d30-06-10-RR.json
./other/result_processing/graphs/d30-06-10/003139-NPP-d30-06-10.json,./other/result_processing/results/d30-06-10/003139-NPP-d30-06-10-RR.json
./other/result_processing/graphs/d30-06-10/003140-NPP-d30-06-10.json,./other/result_processing/results/d30-06-10/003140-NPP-d30-06-10-RR.json
./other/result_processing/graphs/d30-06-10/003141-NPP-d30-06-10.json,./other/result_processing/results/d30-06-10/003141-NPP-d30-06-10-RR.json
./other/result_processing/graphs/d30-06-10/003142-NPP-d30-06-10.json,./other/result_processing/results/d30-06-10/003142-NPP-d30-06-10-RR.json
./other/result_processing/graphs/d30-06-10/003143-NPP-d30-06-10.json,./other/result_processing/results/d30-06-10/003143-NPP-d30-06-10-RR.json
./other/result_processing/graphs/d30-06-10/003144-NPP-d30-06-10.json,./other/result_processing/results/d30-06-10/003144-NPP-d30-06-10-RR.json
./other/result_processing/graphs/d30-06-10/003145-NPP-d30-06-10.json,./other/result_processing/results/d30-06-10/003145-NPP-d30-06-10-RR.json
./other/result_processing/graphs/d30-06-10/003146-NPP-d30-06-10.json,./other/result_processing/results/d30-06-10/003146-NPP-d30-06-10-RR.json
./other/result_processing/graphs/d30-06-10/003147-NPP-d30-06-10.json,./other/result_processing/results/d30-06-10/003147-NPP-d30-06-10-RR.json
./other/result_processing/graphs/d30-06-10/003148-NPP-d30-06-10.json,./other/result_processing/results/d30-06-10/003148-NPP-d30-06-10-RR.json
./other/result_processing/graphs/d30-06-10/003149-NPP-d30-06-10.json,./other/result_processing/results/d30-06-10/003149-NPP-d30-06-10-RR.json
./other/result_processing/graphs/d30-06-10/003150-NPP-d30-06-10.json,./other/result_processing/results/d30-06-10/003150-NPP-d30-06-10-RR.json
./other/result_processing/graphs/d30-06-10/003151-NPP-d30-06-10.json,./other/result_processing/results/d30-06-10/003151-NPP-d30-06-10-RR.json
./other/result_processing/graphs/d30-06-10/003152-NPP-d30-06-10.json,./other/result_processing/results/d30-06-10/003152-NPP-d30-06-10-RR.json
./other/result_processing/graphs/d30-06-10/003153-NPP-d30-06-10.json,./other/result_processing/results/d30-06-10/003153-NPP-d30-06-10-RR.json
./other/result_processing/graphs/d30-06-10/003154-NPP-d30-06-10.json,./other/result_processing/results/d30-06-10/003154-NPP-d30-06-10-RR.json
./other/result_processing/graphs/d30-06-10/003155-NPP-d30-06-10.json,./other/result_processing/results/d30-06-10/003155-NPP-d30-06-10-RR.json
./other/result_processing/graphs/d30-06-10/003156-NPP-d30-06-10.json,./other/result_processing/results/d30-06-10/003156-NPP-d30-06-10-RR.json
./other/result_processing/graphs/d30-06-10/003157-NPP-d30-06-10.json,./other/result_processing/results/d30-06-10/003157-NPP-d30-06-10-RR.json
./other/result_processing/graphs/d30-06-10/003158-NPP-d30-06-10.json,./other/result_processing/results/d30-06-10/003158-NPP-d30-06-10-RR.json
./other/result_processing/graphs/d30-06-10/003159-NPP-d30-06-10.json,./other/result_processing/results/d30-06-10/003159-NPP-d30-06-10-RR.json
./other/result_processing/graphs/d30-06-10/003160-NPP-d30-06-10.json,./other/result_processing/results/d30-06-10/003160-NPP-d30-06-10-RR.json
./other/result_processing/graphs/d30-06-10/003161-NPP-d30-06-10.json,./other/result_processing/results/d30-06-10/003161-NPP-d30-06-10-RR.json
./other/result_processing/graphs/d30-06-10/003162-NPP-d30-06-10.json,./other/result_processing/results/d30-06-10/003162-NPP-d30-06-10-RR.json
./other/result_processing/graphs/d30-06-10/003163-NPP-d30-06-10.json,./other/result_processing/results/d30-06-10/003163-NPP-d30-06-10-RR.json
./other/result_processing/graphs/d30-06-10/003164-NPP-d30-06-10.json,./other/result_processing/results/d30-06-10/003164-NPP-d30-06-10-RR.json
./other/result_processing/graphs/d30-06-10/003165-NPP-d30-06-10.json,./other/result_processing/results/d30-06-10/003165-NPP-d30-06-10-RR.json
./other/result_processing/graphs/d30-06-10/003166-NPP-d30-06-10.json,./other/result_processing/results/d30-06-10/003166-NPP-d30-06-10-RR.json
./other/result_processing/graphs/d30-06-10/003167-NPP-d30-06-10.json,./other/result_processing/results/d30-06-10/003167-NPP-d30-06-10-RR.json
./other/result_processing/graphs/d30-06-10/003168-NPP-d30-06-10.json,./other/result_processing/results/d30-06-10/003168-NPP-d30-06-10-RR.json
./other/result_processing/graphs/d30-06-10/003169-NPP-d30-06-10.json,./other/result_processing/results/d30-06-10/003169-NPP-d30-06-10-RR.json
./other/result_processing/graphs/d30-06-10/003170-NPP-d30-06-10.json,./other/result_processing/results/d30-06-10/003170-NPP-d30-06-10-RR.json
./other/result_processing/graphs/d30-06-10/003171-NPP-d30-06-10.json,./other/result_processing/results/d30-06-10/003171-NPP-d30-06-10-RR.json
./other/result_processing/graphs/d30-06-10/003172-NPP-d30-06-10.json,./other/result_processing/results/d30-06-10/003172-NPP-d30-06-10-RR.json
./other/result_processing/graphs/d30-06-10/003173-NPP-d30-06-10.json,./other/result_processing/results/d30-06-10/003173-NPP-d30-06-10-RR.json
./other/result_processing/graphs/d30-06-10/003174-NPP-d30-06-10.json,./other/result_processing/results/d30-06-10/003174-NPP-d30-06-10-RR.json
./other/result_processing/graphs/d30-06-10/003175-NPP-d30-06-10.json,./other/result_processing/results/d30-06-10/003175-NPP-d30-06-10-RR.json
./other/result_processing/graphs/d30-06-10/003176-NPP-d30-06-10.json,./other/result_processing/results/d30-06-10/003176-NPP-d30-06-10-RR.json
./other/result_processing/graphs/d30-06-10/003177-NPP-d30-06-10.json,./other/result_processing/results/d30-06-10/003177-NPP-d30-06-10-RR.json
./other/result_processing/graphs/d30-06-10/003178-NPP-d30-06-10.json,./other/result_processing/results/d30-06-10/003178-NPP-d30-06-10-RR.json
./other/result_processing/graphs/d30-06-10/003179-NPP-d30-06-10.json,./other/result_processing/results/d30-06-10/003179-NPP-d30-06-10-RR.json
./other/result_processing/graphs/d30-06-10/003180-NPP-d30-06-10.json,./other/result_processing/results/d30-06-10/003180-NPP-d30-06-10-RR.json
./other/result_processing/graphs/d30-06-10/003181-NPP-d30-06-10.json,./other/result_processing/results/d30-06-10/003181-NPP-d30-06-10-RR.json
./other/result_processing/graphs/d30-06-10/003182-NPP-d30-06-10.json,./other/result_processing/results/d30-06-10/003182-NPP-d30-06-10-RR.json
./other/result_processing/graphs/d30-06-10/003183-NPP-d30-06-10.json,./other/result_processing/results/d30-06-10/003183-NPP-d30-06-10-RR.json
./other/result_processing/graphs/d30-06-10/003184-NPP-d30-06-10.json,./other/result_processing/results/d30-06-10/003184-NPP-d30-06-10-RR.json
./other/result_processing/graphs/d30-06-10/003185-NPP-d30-06-10.json,./other/result_processing/results/d30-06-10/003185-NPP-d30-06-10-RR.json
./other/result_processing/graphs/d30-06-10/003186-NPP-d30-06-10.json,./other/result_processing/results/d30-06-10/003186-NPP-d30-06-10-RR.json
./other/result_processing/graphs/d30-06-10/003187-NPP-d30-06-10.json,./other/result_processing/results/d30-06-10/003187-NPP-d30-06-10-RR.json
./other/result_processing/graphs/d30-06-10/003188-NPP-d30-06-10.json,./other/result_processing/results/d30-06-10/003188-NPP-d30-06-10-RR.json
./other/result_processing/graphs/d30-06-10/003189-NPP-d30-06-10.json,./other/result_processing/results/d30-06-10/003189-NPP-d30-06-10-RR.json
./other/result_processing/graphs/d30-06-10/003190-NPP-d30-06-10.json,./other/result_processing/results/d30-06-10/003190-NPP-d30-06-10-RR.json
./other/result_processing/graphs/d30-06-10/003191-NPP-d30-06-10.json,./other/result_processing/results/d30-06-10/003191-NPP-d30-06-10-RR.json
./other/result_processing/graphs/d30-06-10/003192-NPP-d30-06-10.json,./other/result_processing/results/d30-06-10/003192-NPP-d30-06-10-RR.json
./other/result_processing/graphs/d30-06-10/003193-NPP-d30-06-10.json,./other/result_processing/results/d30-06-10/003193-NPP-d30-06-10-RR.json
./other/result_processing/graphs/d30-06-10/003194-NPP-d30-06-10.json,./other/result_processing/results/d30-06-10/003194-NPP-d30-06-10-RR.json
./other/result_processing/graphs/d30-06-10/003195-NPP-d30-06-10.json,./other/result_processing/results/d30-06-10/003195-NPP-d30-06-10-RR.json
./other/result_processing/graphs/d30-06-10/003196-NPP-d30-06-10.json,./other/result_processing/results/d30-06-10/003196-NPP-d30-06-10-RR.json
./other/result_processing/graphs/d30-06-10/003197-NPP-d30-06-10.json,./other/result_processing/results/d30-06-10/003197-NPP-d30-06-10-RR.json
./other/result_processing/graphs/d30-06-10/003198-NPP-d30-06-10.json,./other/result_processing/results/d30-06-10/003198-NPP-d30-06-10-RR.json
./other/result_processing/graphs/d30-06-10/003199-NPP-d30-06-10.json,./other/result_processing/results/d30-06-10/003199-NPP-d30-06-10-RR.json
./other/result_processing/graphs/d30-06-10/003200-NPP-d30-06-10.json,./other/result_processing/results/d30-06-10/003200-NPP-d30-06-10-RR.json
./other/result_processing/graphs/d30-06-10/003201-NPP-d30-06-10.json,./other/result_processing/results/d30-06-10/003201-NPP-d30-06-10-RR.json
./other/result_processing/graphs/d30-06-10/003202-NPP-d30-06-10.json,./other/result_processing/results/d30-06-10/003202-NPP-d30-06-10-RR.json
./other/result_processing/graphs/d30-06-10/003203-NPP-d30-06-10.json,./other/result_processing/results/d30-06-10/003203-NPP-d30-06-10-RR.json
./other/result_processing/graphs/d30-06-10/003204-NPP-d30-06-10.json,./other/result_processing/results/d30-06-10/003204-NPP-d30-06-10-RR.json
./other/result_processing/graphs/d30-06-10/003205-NPP-d30-06-10.json,./other/result_processing/results/d30-06-10/003205-NPP-d30-06-10-RR.json
./other/result_processing/graphs/d30-06-10/003206-NPP-d30-06-10.json,./other/result_processing/results/d30-06-10/003206-NPP-d30-06-10-RR.json
./other/result_processing/graphs/d30-06-10/003207-NPP-d30-06-10.json,./other/result_processing/results/d30-06-10/003207-NPP-d30-06-10-RR.json
./other/result_processing/graphs/d30-06-10/003208-NPP-d30-06-10.json,./other/result_processing/results/d30-06-10/003208-NPP-d30-06-10-RR.json
./other/result_processing/graphs/d30-06-10/003209-NPP-d30-06-10.json,./other/result_processing/results/d30-06-10/003209-NPP-d30-06-10-RR.json
./other/result_processing/graphs/d30-06-10/003210-NPP-d30-06-10.json,./other/result_processing/results/d30-06-10/003210-NPP-d30-06-10-RR.json
./other/result_processing/graphs/d30-06-10/003211-NPP-d30-06-10.json,./other/result_processing/results/d30-06-10/003211-NPP-d30-06-10-RR.json
./other/result_processing/graphs/d30-06-10/003212-NPP-d30-06-10.json,./other/result_processing/results/d30-06-10/003212-NPP-d30-06-10-RR.json
./other/result_processing/graphs/d30-06-10/003213-NPP-d30-06-10.json,./other/result_processing/results/d30-06-10/003213-NPP-d30-06-10-RR.json
./other/result_processing/graphs/d30-06-10/003214-NPP-d30-06-10.json,./other/result_processing/results/d30-06-10/003214-NPP-d30-06-10-RR.json
./other/result_processing/graphs/d30-06-10/003215-NPP-d30-06-10.json,./other/result_processing/results/d30-06-10/003215-NPP-d30-06-10-RR.json
./other/result_processing/graphs/d30-06-10/003216-NPP-d30-06-10.json,./other/result_processing/results/d30-06-10/003216-NPP-d30-06-10-RR.json
./other/result_processing/graphs/d30-06-10/003217-NPP-d30-06-10.json,./other/result_processing/results/d30-06-10/003217-NPP-d30-06-10-RR.json
./other/result_processing/graphs/d30-06-10/003218-NPP-d30-06-10.json,./other/result_processing/results/d30-06-10/003218-NPP-d30-06-10-RR.json
./other/result_processing/graphs/d30-06-10/003219-NPP-d30-06-10.json,./other/result_processing/results/d30-06-10/003219-NPP-d30-06-10-RR.json
./other/result_processing/graphs/d30-06-10/003220-NPP-d30-06-10.json,./other/result_processing/results/d30-06-10/003220-NPP-d30-06-10-RR.json
./other/result_processing/graphs/d30-06-10/003221-NPP-d30-06-10.json,./other/result_processing/results/d30-06-10/003221-NPP-d30-06-10-RR.json
./other/result_processing/graphs/d30-06-10/003222-NPP-d30-06-10.json,./other/result_processing/results/d30-06-10/003222-NPP-d30-06-10-RR.json
./other/result_processing/graphs/d30-06-10/003223-NPP-d30-06-10.json,./other/result_processing/results/d30-06-10/003223-NPP-d30-06-10-RR.json
./other/result_processing/graphs/d30-06-10/003224-NPP-d30-06-10.json,./other/result_processing/results/d30-06-10/003224-NPP-d30-06-10-RR.json
./other/result_processing/graphs/d30-06-10/003225-NPP-d30-06-10.json,./other/result_processing/results/d30-06-10/003225-NPP-d30-06-10-RR.json
./other/result_processing/graphs/d30-06-10/003226-NPP-d30-06-10.json,./other/result_processing/results/d30-06-10/003226-NPP-d30-06-10-RR.json
./other/result_processing/graphs/d30-06-10/003227-NPP-d30-06-10.json,./other/result_processing/results/d30-06-10/003227-NPP-d30-06-10-RR.json
./other/result_processing/graphs/d30-06-10/003228-NPP-d30-06-10.json,./other/result_processing/results/d30-06-10/003228-NPP-d30-06-10-RR.json
./other/result_processing/graphs/d30-06-10/003229-NPP-d30-06-10.json,./other/result_processing/results/d30-06-10/003229-NPP-d30-06-10-RR.json
./other/result_processing/graphs/d30-06-10/003230-NPP-d30-06-10.json,./other/result_processing/results/d30-06-10/003230-NPP-d30-06-10-RR.json
./other/result_processing/graphs/d30-06-10/003231-NPP-d30-06-10.json,./other/result_processing/results/d30-06-10/003231-NPP-d30-06-10-RR.json
./other/result_processing/graphs/d30-06-10/003232-NPP-d30-06-10.json,./other/result_processing/results/d30-06-10/003232-NPP-d30-06-10-RR.json
./other/result_processing/graphs/d30-06-10/003233-NPP-d30-06-10.json,./other/result_processing/results/d30-06-10/003233-NPP-d30-06-10-RR.json
./other/result_processing/graphs/d30-06-10/003234-NPP-d30-06-10.json,./other/result_processing/results/d30-06-10/003234-NPP-d30-06-10-RR.json
./other/result_processing/graphs/d30-06-10/003235-NPP-d30-06-10.json,./other/result_processing/results/d30-06-10/003235-NPP-d30-06-10-RR.json
./other/result_processing/graphs/d30-06-10/003236-NPP-d30-06-10.json,./other/result_processing/results/d30-06-10/003236-NPP-d30-06-10-RR.json
./other/result_processing/graphs/d30-06-10/003237-NPP-d30-06-10.json,./other/result_processing/results/d30-06-10/003237-NPP-d30-06-10-RR.json
./other/result_processing/graphs/d30-06-10/003238-NPP-d30-06-10.json,./other/result_processing/results/d30-06-10/003238-NPP-d30-06-10-RR.json
./other/result_processing/graphs/d30-06-10/003239-NPP-d30-06-10.json,./other/result_processing/results/d30-06-10/003239-NPP-d30-06-10-RR.json
./other/result_processing/graphs/d30-06-10/003240-NPP-d30-06-10.json,./other/result_processing/results/d30-06-10/003240-NPP-d30-06-10-RR.json
./other/result_processing/graphs/d30-06-10/003241-NPP-d30-06-10.json,./other/result_processing/results/d30-06-10/003241-NPP-d30-06-10-RR.json
./other/result_processing/graphs/d30-06-10/003242-NPP-d30-06-10.json,./other/result_processing/results/d30-06-10/003242-NPP-d30-06-10-RR.json
./other/result_processing/graphs/d30-06-10/003243-NPP-d30-06-10.json,./other/result_processing/results/d30-06-10/003243-NPP-d30-06-10-RR.json
./other/result_processing/graphs/d30-06-10/003244-NPP-d30-06-10.json,./other/result_processing/results/d30-06-10/003244-NPP-d30-06-10-RR.json
./other/result_processing/graphs/d30-06-10/003245-NPP-d30-06-10.json,./other/result_processing/results/d30-06-10/003245-NPP-d30-06-10-RR.json
./other/result_processing/graphs/d30-06-10/003246-NPP-d30-06-10.json,./other/result_processing/results/d30-06-10/003246-NPP-d30-06-10-RR.json
./other/result_processing/graphs/d30-06-10/003247-NPP-d30-06-10.json,./other/result_processing/results/d30-06-10/003247-NPP-d30-06-10-RR.json
./other/result_processing/graphs/d30-06-10/003248-NPP-d30-06-10.json,./other/result_processing/results/d30-06-10/003248-NPP-d30-06-10-RR.json
./other/result_processing/graphs/d30-06-10/003249-NPP-d30-06-10.json,./other/result_processing/results/d30-06-10/003249-NPP-d30-06-10-RR.json
./other/result_processing/graphs/d30-06-10/003250-NPP-d30-06-10.json,./other/result_processing/results/d30-06-10/003250-NPP-d30-06-10-RR.json
./other/result_processing/graphs/d30-06-10/003251-NPP-d30-06-10.json,./other/result_processing/results/d30-06-10/003251-NPP-d30-06-10-RR.json
./other/result_processing/graphs/d30-06-10/003252-NPP-d30-06-10.json,./other/result_processing/results/d30-06-10/003252-NPP-d30-06-10-RR.json
./other/result_processing/graphs/d30-06-10/003253-NPP-d30-06-10.json,./other/result_processing/results/d30-06-10/003253-NPP-d30-06-10-RR.json
./other/result_processing/graphs/d30-06-10/003254-NPP-d30-06-10.json,./other/result_processing/results/d30-06-10/003254-NPP-d30-06-10-RR.json
./other/result_processing/graphs/d30-06-10/003255-NPP-d30-06-10.json,./other/result_processing/results/d30-06-10/003255-NPP-d30-06-10-RR.json
./other/result_processing/graphs/d30-06-10/003256-NPP-d30-06-10.json,./other/result_processing/results/d30-06-10/003256-NPP-d30-06-10-RR.json
./other/result_processing/graphs/d30-06-10/003257-NPP-d30-06-10.json,./other/result_processing/results/d30-06-10/003257-NPP-d30-06-10-RR.json
./other/result_processing/graphs/d30-06-10/003258-NPP-d30-06-10.json,./other/result_processing/results/d30-06-10/003258-NPP-d30-06-10-RR.json
./other/result_processing/graphs/d30-06-10/003259-NPP-d30-06-10.json,./other/result_processing/results/d30-06-10/003259-NPP-d30-06-10-RR.json
./other/result_processing/graphs/d30-06-10/003260-NPP-d30-06-10.json,./other/result_processing/results/d30-06-10/003260-NPP-d30-06-10-RR.json
./other/result_processing/graphs/d30-06-10/003261-NPP-d30-06-10.json,./other/result_processing/results/d30-06-10/003261-NPP-d30-06-10-RR.json
./other/result_processing/graphs/d30-06-10/003262-NPP-d30-06-10.json,./other/result_processing/results/d30-06-10/003262-NPP-d30-06-10-RR.json
./other/result_processing/graphs/d30-06-10/003263-NPP-d30-06-10.json,./other/result_processing/results/d30-06-10/003263-NPP-d30-06-10-RR.json
./other/result_processing/graphs/d30-06-10/003264-NPP-d30-06-10.json,./other/result_processing/results/d30-06-10/003264-NPP-d30-06-10-RR.json
./other/result_processing/graphs/d30-06-10/003265-NPP-d30-06-10.json,./other/result_processing/results/d30-06-10/003265-NPP-d30-06-10-RR.json
./other/result_processing/graphs/d30-06-10/003266-NPP-d30-06-10.json,./other/result_processing/results/d30-06-10/003266-NPP-d30-06-10-RR.json
./other/result_processing/graphs/d30-06-10/003267-NPP-d30-06-10.json,./other/result_processing/results/d30-06-10/003267-NPP-d30-06-10-RR.json
./other/result_processing/graphs/d30-06-10/003268-NPP-d30-06-10.json,./other/result_processing/results/d30-06-10/003268-NPP-d30-06-10-RR.json
./other/result_processing/graphs/d30-06-10/003269-NPP-d30-06-10.json,./other/result_processing/results/d30-06-10/003269-NPP-d30-06-10-RR.json
./other/result_processing/graphs/d30-06-10/003270-NPP-d30-06-10.json,./other/result_processing/results/d30-06-10/003270-NPP-d30-06-10-RR.json
./other/result_processing/graphs/d30-06-10/003271-NPP-d30-06-10.json,./other/result_processing/results/d30-06-10/003271-NPP-d30-06-10-RR.json
./other/result_processing/graphs/d30-06-10/003272-NPP-d30-06-10.json,./other/result_processing/results/d30-06-10/003272-NPP-d30-06-10-RR.json
./other/result_processing/graphs/d30-06-10/003273-NPP-d30-06-10.json,./other/result_processing/results/d30-06-10/003273-NPP-d30-06-10-RR.json
./other/result_processing/graphs/d30-06-10/003274-NPP-d30-06-10.json,./other/result_processing/results/d30-06-10/003274-NPP-d30-06-10-RR.json
./other/result_processing/graphs/d30-06-10/003275-NPP-d30-06-10.json,./other/result_processing/results/d30-06-10/003275-NPP-d30-06-10-RR.json
./other/result_processing/graphs/d30-06-10/003276-NPP-d30-06-10.json,./other/result_processing/results/d30-06-10/003276-NPP-d30-06-10-RR.json
./other/result_processing/graphs/d30-06-10/003277-NPP-d30-06-10.json,./other/result_processing/results/d30-06-10/003277-NPP-d30-06-10-RR.json
./other/result_processing/graphs/d30-06-10/003278-NPP-d30-06-10.json,./other/result_processing/results/d30-06-10/003278-NPP-d30-06-10-RR.json
./other/result_processing/graphs/d30-06-10/003279-NPP-d30-06-10.json,./other/result_processing/results/d30-06-10/003279-NPP-d30-06-10-RR.json
./other/result_processing/graphs/d30-06-10/003280-NPP-d30-06-10.json,./other/result_processing/results/d30-06-10/003280-NPP-d30-06-10-RR.json
./other/result_processing/graphs/d30-06-10/003281-NPP-d30-06-10.json,./other/result_processing/results/d30-06-10/003281-NPP-d30-06-10-RR.json
./other/result_processing/graphs/d30-06-10/003282-NPP-d30-06-10.json,./other/result_processing/results/d30-06-10/003282-NPP-d30-06-10-RR.json
./other/result_processing/graphs/d30-06-10/003283-NPP-d30-06-10.json,./other/result_processing/results/d30-06-10/003283-NPP-d30-06-10-RR.json
./other/result_processing/graphs/d30-06-10/003284-NPP-d30-06-10.json,./other/result_processing/results/d30-06-10/003284-NPP-d30-06-10-RR.json
./other/result_processing/graphs/d30-06-10/003285-NPP-d30-06-10.json,./other/result_processing/results/d30-06-10/003285-NPP-d30-06-10-RR.json
./other/result_processing/graphs/d30-06-10/003286-NPP-d30-06-10.json,./other/result_processing/results/d30-06-10/003286-NPP-d30-06-10-RR.json
./other/result_processing/graphs/d30-06-10/003287-NPP-d30-06-10.json,./other/result_processing/results/d30-06-10/003287-NPP-d30-06-10-RR.json
./other/result_processing/graphs/d30-06-10/003288-NPP-d30-06-10.json,./other/result_processing/results/d30-06-10/003288-NPP-d30-06-10-RR.json
./other/result_processing/graphs/d30-06-10/003289-NPP-d30-06-10.json,./other/result_processing/results/d30-06-10/003289-NPP-d30-06-10-RR.json
./other/result_processing/graphs/d30-06-10/003290-NPP-d30-06-10.json,./other/result_processing/results/d30-06-10/003290-NPP-d30-06-10-RR.json
./other/result_processing/graphs/d30-06-10/003291-NPP-d30-06-10.json,./other/result_processing/results/d30-06-10/003291-NPP-d30-06-10-RR.json
./other/result_processing/graphs/d30-06-10/003292-NPP-d30-06-10.json,./other/result_processing/results/d30-06-10/003292-NPP-d30-06-10-RR.json
./other/result_processing/graphs/d30-06-10/003293-NPP-d30-06-10.json,./other/result_processing/results/d30-06-10/003293-NPP-d30-06-10-RR.json
./other/result_processing/graphs/d30-06-10/003294-NPP-d30-06-10.json,./other/result_processing/results/d30-06-10/003294-NPP-d30-06-10-RR.json
./other/result_processing/graphs/d30-06-10/003295-NPP-d30-06-10.json,./other/result_processing/results/d30-06-10/003295-NPP-d30-06-10-RR.json
./other/result_processing/graphs/d30-06-10/003296-NPP-d30-06-10.json,./other/result_processing/results/d30-06-10/003296-NPP-d30-06-10-RR.json
./other/result_processing/graphs/d30-06-10/003297-NPP-d30-06-10.json,./other/result_processing/results/d30-06-10/003297-NPP-d30-06-10-RR.json
./other/result_processing/graphs/d30-06-10/003298-NPP-d30-06-10.json,./other/result_processing/results/d30-06-10/003298-NPP-d30-06-10-RR.json
./other/result_processing/graphs/d30-06-10/003299-NPP-d30-06-10.json,./other/result_processing/results/d30-06-10/003299-NPP-d30-06-10-RR.json
./other/result_processing/graphs/d30-06-10/003300-NPP-d30-06-10.json,./other/result_processing/results/d30-06-10/003300-NPP-d30-06-10-RR.json
./other/result_processing/graphs/d30-06-10/003301-NPP-d30-06-10.json,./other/result_processing/results/d30-06-10/003301-NPP-d30-06-10-RR.json
./other/result_processing/graphs/d30-06-10/003302-NPP-d30-06-10.json,./other/result_processing/results/d30-06-10/003302-NPP-d30-06-10-RR.json
./other/result_processing/graphs/d30-06-10/003303-NPP-d30-06-10.json,./other/result_processing/results/d30-06-10/003303-NPP-d30-06-10-RR.json
./other/result_processing/graphs/d30-06-10/003304-NPP-d30-06-10.json,./other/result_processing/results/d30-06-10/003304-NPP-d30-06-10-RR.json
./other/result_processing/graphs/d30-06-10/003305-NPP-d30-06-10.json,./other/result_processing/results/d30-06-10/003305-NPP-d30-06-10-RR.json
./other/result_processing/graphs/d30-06-10/003306-NPP-d30-06-10.json,./other/result_processing/results/d30-06-10/003306-NPP-d30-06-10-RR.json
./other/result_processing/graphs/d30-06-10/003307-NPP-d30-06-10.json,./other/result_processing/results/d30-06-10/003307-NPP-d30-06-10-RR.json
./other/result_processing/graphs/d30-06-10/003308-NPP-d30-06-10.json,./other/result_processing/results/d30-06-10/003308-NPP-d30-06-10-RR.json
./other/result_processing/graphs/d30-06-10/003309-NPP-d30-06-10.json,./other/result_processing/results/d30-06-10/003309-NPP-d30-06-10-RR.json
./other/result_processing/graphs/d30-06-10/003310-NPP-d30-06-10.json,./other/result_processing/results/d30-06-10/003310-NPP-d30-06-10-RR.json
./other/result_processing/graphs/d30-06-10/003311-NPP-d30-06-10.json,./other/result_processing/results/d30-06-10/003311-NPP-d30-06-10-RR.json
./other/result_processing/graphs/d30-06-10/003312-NPP-d30-06-10.json,./other/result_processing/results/d30-06-10/003312-NPP-d30-06-10-RR.json
./other/result_processing/graphs/d30-06-10/003313-NPP-d30-06-10.json,./other/result_processing/results/d30-06-10/003313-NPP-d30-06-10-RR.json
./other/result_processing/graphs/d30-06-10/003314-NPP-d30-06-10.json,./other/result_processing/results/d30-06-10/003314-NPP-d30-06-10-RR.json
./other/result_processing/graphs/d30-06-10/003315-NPP-d30-06-10.json,./other/result_processing/results/d30-06-10/003315-NPP-d30-06-10-RR.json
./other/result_processing/graphs/d30-06-10/003316-NPP-d30-06-10.json,./other/result_processing/results/d30-06-10/003316-NPP-d30-06-10-RR.json
./other/result_processing/graphs/d30-06-10/003317-NPP-d30-06-10.json,./other/result_processing/results/d30-06-10/003317-NPP-d30-06-10-RR.json
./other/result_processing/graphs/d30-06-10/003318-NPP-d30-06-10.json,./other/result_processing/results/d30-06-10/003318-NPP-d30-06-10-RR.json
./other/result_processing/graphs/d30-06-10/003319-NPP-d30-06-10.json,./other/result_processing/results/d30-06-10/003319-NPP-d30-06-10-RR.json
./other/result_processing/graphs/d30-06-10/003320-NPP-d30-06-10.json,./other/result_processing/results/d30-06-10/003320-NPP-d30-06-10-RR.json
./other/result_processing/graphs/d30-06-10/003321-NPP-d30-06-10.json,./other/result_processing/results/d30-06-10/003321-NPP-d30-06-10-RR.json
./other/result_processing/graphs/d30-06-10/003322-NPP-d30-06-10.json,./other/result_processing/results/d30-06-10/003322-NPP-d30-06-10-RR.json
./other/result_processing/graphs/d30-06-10/003323-NPP-d30-06-10.json,./other/result_processing/results/d30-06-10/003323-NPP-d30-06-10-RR.json
./other/result_processing/graphs/d30-06-10/003324-NPP-d30-06-10.json,./other/result_processing/results/d30-06-10/003324-NPP-d30-06-10-RR.json
./other/result_processing/graphs/d30-06-10/003325-NPP-d30-06-10.json,./other/result_processing/results/d30-06-10/003325-NPP-d30-06-10-RR.json
./other/result_processing/graphs/d30-06-10/003326-NPP-d30-06-10.json,./other/result_processing/results/d30-06-10/003326-NPP-d30-06-10-RR.json
./other/result_processing/graphs/d30-06-10/003327-NPP-d30-06-10.json,./other/result_processing/results/d30-06-10/003327-NPP-d30-06-10-RR.json
./other/result_processing/graphs/d30-06-10/003328-NPP-d30-06-10.json,./other/result_processing/results/d30-06-10/003328-NPP-d30-06-10-RR.json
./other/result_processing/graphs/d30-06-10/003329-NPP-d30-06-10.json,./other/result_processing/results/d30-06-10/003329-NPP-d30-06-10-RR.json
./other/result_processing/graphs/d30-06-10/003330-NPP-d30-06-10.json,./other/result_processing/results/d30-06-10/003330-NPP-d30-06-10-RR.json
./other/result_processing/graphs/d30-06-10/003331-NPP-d30-06-10.json,./other/result_processing/results/d30-06-10/003331-NPP-d30-06-10-RR.json
./other/result_processing/graphs/d30-06-10/003332-NPP-d30-06-10.json,./other/result_processing/results/d30-06-10/003332-NPP-d30-06-10-RR.json
./other/result_processing/graphs/d30-06-10/003333-NPP-d30-06-10.json,./other/result_processing/results/d30-06-10/003333-NPP-d30-06-10-RR.json
./other/result_processing/graphs/d30-06-10/003334-NPP-d30-06-10.json,./other/result_processing/results/d30-06-10/003334-NPP-d30-06-10-RR.json
./other/result_processing/graphs/d30-06-10/003335-NPP-d30-06-10.json,./other/result_processing/results/d30-06-10/003335-NPP-d30-06-10-RR.json
./other/result_processing/graphs/d30-06-10/003336-NPP-d30-06-10.json,./other/result_processing/results/d30-06-10/003336-NPP-d30-06-10-RR.json
./other/result_processing/graphs/d30-06-10/003337-NPP-d30-06-10.json,./other/result_processing/results/d30-06-10/003337-NPP-d30-06-10-RR.json
./other/result_processing/graphs/d30-06-10/003338-NPP-d30-06-10.json,./other/result_processing/results/d30-06-10/003338-NPP-d30-06-10-RR.json
./other/result_processing/graphs/d30-06-10/003339-NPP-d30-06-10.json,./other/result_processing/results/d30-06-10/003339-NPP-d30-06-10-RR.json
./other/result_processing/graphs/d30-06-10/003340-NPP-d30-06-10.json,./other/result_processing/results/d30-06-10/003340-NPP-d30-06-10-RR.json
./other/result_processing/graphs/d30-06-10/003341-NPP-d30-06-10.json,./other/result_processing/results/d30-06-10/003341-NPP-d30-06-10-RR.json
./other/result_processing/graphs/d30-06-10/003342-NPP-d30-06-10.json,./other/result_processing/results/d30-06-10/003342-NPP-d30-06-10-RR.json
./other/result_processing/graphs/d30-06-10/003343-NPP-d30-06-10.json,./other/result_processing/results/d30-06-10/003343-NPP-d30-06-10-RR.json
./other/result_processing/graphs/d30-06-10/003344-NPP-d30-06-10.json,./other/result_processing/results/d30-06-10/003344-NPP-d30-06-10-RR.json
./other/result_processing/graphs/d30-06-10/003345-NPP-d30-06-10.json,./other/result_processing/results/d30-06-10/003345-NPP-d30-06-10-RR.json
./other/result_processing/graphs/d30-06-10/003346-NPP-d30-06-10.json,./other/result_processing/results/d30-06-10/003346-NPP-d30-06-10-RR.json
./other/result_processing/graphs/d30-06-10/003347-NPP-d30-06-10.json,./other/result_processing/results/d30-06-10/003347-NPP-d30-06-10-RR.json
./other/result_processing/graphs/d30-06-10/003348-NPP-d30-06-10.json,./other/result_processing/results/d30-06-10/003348-NPP-d30-06-10-RR.json
./other/result_processing/graphs/d30-06-10/003349-NPP-d30-06-10.json,./other/result_processing/results/d30-06-10/003349-NPP-d30-06-10-RR.json
./other/result_processing/graphs/d30-06-10/003350-NPP-d30-06-10.json,./other/result_processing/results/d30-06-10/003350-NPP-d30-06-10-RR.json
./other/result_processing/graphs/d30-06-10/003351-NPP-d30-06-10.json,./other/result_processing/results/d30-06-10/003351-NPP-d30-06-10-RR.json
./other/result_processing/graphs/d30-06-10/003352-NPP-d30-06-10.json,./other/result_processing/results/d30-06-10/003352-NPP-d30-06-10-RR.json
./other/result_processing/graphs/d30-06-10/003353-NPP-d30-06-10.json,./other/result_processing/results/d30-06-10/003353-NPP-d30-06-10-RR.json
./other/result_processing/graphs/d30-06-10/003354-NPP-d30-06-10.json,./other/result_processing/results/d30-06-10/003354-NPP-d30-06-10-RR.json
./other/result_processing/graphs/d30-06-10/003355-NPP-d30-06-10.json,./other/result_processing/results/d30-06-10/003355-NPP-d30-06-10-RR.json
./other/result_processing/graphs/d30-06-10/003356-NPP-d30-06-10.json,./other/result_processing/results/d30-06-10/003356-NPP-d30-06-10-RR.json
./other/result_processing/graphs/d30-06-10/003357-NPP-d30-06-10.json,./other/result_processing/results/d30-06-10/003357-NPP-d30-06-10-RR.json
./other/result_processing/graphs/d30-06-10/003358-NPP-d30-06-10.json,./other/result_processing/results/d30-06-10/003358-NPP-d30-06-10-RR.json
./other/result_processing/graphs/d30-06-10/003359-NPP-d30-06-10.json,./other/result_processing/results/d30-06-10/003359-NPP-d30-06-10-RR.json
./other/result_processing/graphs/d30-06-10/003360-NPP-d30-06-10.json,./other/result_processing/results/d30-06-10/003360-NPP-d30-06-10-RR.json
./other/result_processing/graphs/d30-06-10/003361-NPP-d30-06-10.json,./other/result_processing/results/d30-06-10/003361-NPP-d30-06-10-RR.json
./other/result_processing/graphs/d30-06-10/003362-NPP-d30-06-10.json,./other/result_processing/results/d30-06-10/003362-NPP-d30-06-10-RR.json
./other/result_processing/graphs/d30-06-10/003363-NPP-d30-06-10.json,./other/result_processing/results/d30-06-10/003363-NPP-d30-06-10-RR.json
./other/result_processing/graphs/d30-06-10/003364-NPP-d30-06-10.json,./other/result_processing/results/d30-06-10/003364-NPP-d30-06-10-RR.json
./other/result_processing/graphs/d30-06-10/003365-NPP-d30-06-10.json,./other/result_processing/results/d30-06-10/003365-NPP-d30-06-10-RR.json
./other/result_processing/graphs/d30-06-10/003366-NPP-d30-06-10.json,./other/result_processing/results/d30-06-10/003366-NPP-d30-06-10-RR.json
./other/result_processing/graphs/d30-06-10/003367-NPP-d30-06-10.json,./other/result_processing/results/d30-06-10/003367-NPP-d30-06-10-RR.json
./other/result_processing/graphs/d30-06-10/003368-NPP-d30-06-10.json,./other/result_processing/results/d30-06-10/003368-NPP-d30-06-10-RR.json
./other/result_processing/graphs/d30-06-10/003369-NPP-d30-06-10.json,./other/result_processing/results/d30-06-10/003369-NPP-d30-06-10-RR.json
./other/result_processing/graphs/d30-06-10/003370-NPP-d30-06-10.json,./other/result_processing/results/d30-06-10/003370-NPP-d30-06-10-RR.json
./other/result_processing/graphs/d30-06-10/003371-NPP-d30-06-10.json,./other/result_processing/results/d30-06-10/003371-NPP-d30-06-10-RR.json
./other/result_processing/graphs/d30-06-10/003372-NPP-d30-06-10.json,./other/result_processing/results/d30-06-10/003372-NPP-d30-06-10-RR.json
./other/result_processing/graphs/d30-06-10/003373-NPP-d30-06-10.json,./other/result_processing/results/d30-06-10/003373-NPP-d30-06-10-RR.json
./other/result_processing/graphs/d30-06-10/003374-NPP-d30-06-10.json,./other/result_processing/results/d30-06-10/003374-NPP-d30-06-10-RR.json
./other/result_processing/graphs/d30-06-10/003375-NPP-d30-06-10.json,./other/result_processing/results/d30-06-10/003375-NPP-d30-06-10-RR.json
./other/result_processing/graphs/d30-06-10/003376-NPP-d30-06-10.json,./other/result_processing/results/d30-06-10/003376-NPP-d30-06-10-RR.json
./other/result_processing/graphs/d30-06-10/003377-NPP-d30-06-10.json,./other/result_processing/results/d30-06-10/003377-NPP-d30-06-10-RR.json
./other/result_processing/graphs/d30-06-10/003378-NPP-d30-06-10.json,./other/result_processing/results/d30-06-10/003378-NPP-d30-06-10-RR.json
./other/result_processing/graphs/d30-06-10/003379-NPP-d30-06-10.json,./other/result_processing/results/d30-06-10/003379-NPP-d30-06-10-RR.json
./other/result_processing/graphs/d30-06-10/003380-NPP-d30-06-10.json,./other/result_processing/results/d30-06-10/003380-NPP-d30-06-10-RR.json
./other/result_processing/graphs/d30-06-10/003381-NPP-d30-06-10.json,./other/result_processing/results/d30-06-10/003381-NPP-d30-06-10-RR.json
./other/result_processing/graphs/d30-06-10/003382-NPP-d30-06-10.json,./other/result_processing/results/d30-06-10/003382-NPP-d30-06-10-RR.json
./other/result_processing/graphs/d30-06-10/003383-NPP-d30-06-10.json,./other/result_processing/results/d30-06-10/003383-NPP-d30-06-10-RR.json
./other/result_processing/graphs/d30-06-10/003384-NPP-d30-06-10.json,./other/result_processing/results/d30-06-10/003384-NPP-d30-06-10-RR.json
./other/result_processing/graphs/d30-06-10/003385-NPP-d30-06-10.json,./other/result_processing/results/d30-06-10/003385-NPP-d30-06-10-RR.json
./other/result_processing/graphs/d30-06-10/003386-NPP-d30-06-10.json,./other/result_processing/results/d30-06-10/003386-NPP-d30-06-10-RR.json
./other/result_processing/graphs/d30-06-10/003387-NPP-d30-06-10.json,./other/result_processing/results/d30-06-10/003387-NPP-d30-06-10-RR.json
./other/result_processing/graphs/d30-06-10/003388-NPP-d30-06-10.json,./other/result_processing/results/d30-06-10/003388-NPP-d30-06-10-RR.json
./other/result_processing/graphs/d30-06-10/003389-NPP-d30-06-10.json,./other/result_processing/results/d30-06-10/003389-NPP-d30-06-10-RR.json
./other/result_processing/graphs/d30-06-10/003390-NPP-d30-06-10.json,./other/result_processing/results/d30-06-10/003390-NPP-d30-06-10-RR.json
./other/result_processing/graphs/d30-06-10/003391-NPP-d30-06-10.json,./other/result_processing/results/d30-06-10/003391-NPP-d30-06-10-RR.json
./other/result_processing/graphs/d30-06-10/003392-NPP-d30-06-10.json,./other/result_processing/results/d30-06-10/003392-NPP-d30-06-10-RR.json
./other/result_processing/graphs/d30-06-10/003393-NPP-d30-06-10.json,./other/result_processing/results/d30-06-10/003393-NPP-d30-06-10-RR.json
./other/result_processing/graphs/d30-06-10/003394-NPP-d30-06-10.json,./other/result_processing/results/d30-06-10/003394-NPP-d30-06-10-RR.json
./other/result_processing/graphs/d30-06-10/003395-NPP-d30-06-10.json,./other/result_processing/results/d30-06-10/003395-NPP-d30-06-10-RR.json
./other/result_processing/graphs/d30-06-10/003396-NPP-d30-06-10.json,./other/result_processing/results/d30-06-10/003396-NPP-d30-06-10-RR.json
./other/result_processing/graphs/d30-06-10/003397-NPP-d30-06-10.json,./other/result_processing/results/d30-06-10/003397-NPP-d30-06-10-RR.json
./other/result_processing/graphs/d30-06-10/003398-NPP-d30-06-10.json,./other/result_processing/results/d30-06-10/003398-NPP-d30-06-10-RR.json
./other/result_processing/graphs/d30-06-10/003399-NPP-d30-06-10.json,./other/result_processing/results/d30-06-10/003399-NPP-d30-06-10-RR.json
./other/result_processing/graphs/d30-06-10/003400-NPP-d30-06-10.json,./other/result_processing/results/d30-06-10/003400-NPP-d30-06-10-RR.json
./other/result_processing/graphs/d30-06-10/003401-NPP-d30-06-10.json,./other/result_processing/results/d30-06-10/003401-NPP-d30-06-10-RR.json
./other/result_processing/graphs/d30-06-10/003402-NPP-d30-06-10.json,./other/result_processing/results/d30-06-10/003402-NPP-d30-06-10-RR.json
./other/result_processing/graphs/d30-06-10/003403-NPP-d30-06-10.json,./other/result_processing/results/d30-06-10/003403-NPP-d30-06-10-RR.json
./other/result_processing/graphs/d30-06-10/003404-NPP-d30-06-10.json,./other/result_processing/results/d30-06-10/003404-NPP-d30-06-10-RR.json
./other/result_processing/graphs/d30-06-10/003405-NPP-d30-06-10.json,./other/result_processing/results/d30-06-10/003405-NPP-d30-06-10-RR.json
./other/result_processing/graphs/d30-06-10/003406-NPP-d30-06-10.json,./other/result_processing/results/d30-06-10/003406-NPP-d30-06-10-RR.json
./other/result_processing/graphs/d30-06-10/003407-NPP-d30-06-10.json,./other/result_processing/results/d30-06-10/003407-NPP-d30-06-10-RR.json
./other/result_processing/graphs/d30-06-10/003408-NPP-d30-06-10.json,./other/result_processing/results/d30-06-10/003408-NPP-d30-06-10-RR.json
./other/result_processing/graphs/d30-06-10/003409-NPP-d30-06-10.json,./other/result_processing/results/d30-06-10/003409-NPP-d30-06-10-RR.json
./other/result_processing/graphs/d30-06-10/003410-NPP-d30-06-10.json,./other/result_processing/results/d30-06-10/003410-NPP-d30-06-10-RR.json
./other/result_processing/graphs/d30-06-10/003411-NPP-d30-06-10.json,./other/result_processing/results/d30-06-10/003411-NPP-d30-06-10-RR.json
./other/result_processing/graphs/d30-06-10/003412-NPP-d30-06-10.json,./other/result_processing/results/d30-06-10/003412-NPP-d30-06-10-RR.json
./other/result_processing/graphs/d30-06-10/003413-NPP-d30-06-10.json,./other/result_processing/results/d30-06-10/003413-NPP-d30-06-10-RR.json
./other/result_processing/graphs/d30-06-10/003414-NPP-d30-06-10.json,./other/result_processing/results/d30-06-10/003414-NPP-d30-06-10-RR.json
./other/result_processing/graphs/d30-06-10/003415-NPP-d30-06-10.json,./other/result_processing/results/d30-06-10/003415-NPP-d30-06-10-RR.json
./other/result_processing/graphs/d30-06-10/003416-NPP-d30-06-10.json,./other/result_processing/results/d30-06-10/003416-NPP-d30-06-10-RR.json
./other/result_processing/graphs/d30-06-10/003417-NPP-d30-06-10.json,./other/result_processing/results/d30-06-10/003417-NPP-d30-06-10-RR.json
./other/result_processing/graphs/d30-06-10/003418-NPP-d30-06-10.json,./other/result_processing/results/d30-06-10/003418-NPP-d30-06-10-RR.json
./other/result_processing/graphs/d30-06-10/003419-NPP-d30-06-10.json,./other/result_processing/results/d30-06-10/003419-NPP-d30-06-10-RR.json
./other/result_processing/graphs/d30-06-10/003420-NPP-d30-06-10.json,./other/result_processing/results/d30-06-10/003420-NPP-d30-06-10-RR.json
./other/result_processing/graphs/d30-06-10/003421-NPP-d30-06-10.json,./other/result_processing/results/d30-06-10/003421-NPP-d30-06-10-RR.json
./other/result_processing/graphs/d30-06-10/003422-NPP-d30-06-10.json,./other/result_processing/results/d30-06-10/003422-NPP-d30-06-10-RR.json
./other/result_processing/graphs/d30-06-10/003423-NPP-d30-06-10.json,./other/result_processing/results/d30-06-10/003423-NPP-d30-06-10-RR.json
./other/result_processing/graphs/d30-06-10/003424-NPP-d30-06-10.json,./other/result_processing/results/d30-06-10/003424-NPP-d30-06-10-RR.json
./other/result_processing/graphs/d30-06-10/003425-NPP-d30-06-10.json,./other/result_processing/results/d30-06-10/003425-NPP-d30-06-10-RR.json
./other/result_processing/graphs/d30-06-10/003426-NPP-d30-06-10.json,./other/result_processing/results/d30-06-10/003426-NPP-d30-06-10-RR.json
./other/result_processing/graphs/d30-06-10/003427-NPP-d30-06-10.json,./other/result_processing/results/d30-06-10/003427-NPP-d30-06-10-RR.json
./other/result_processing/graphs/d30-06-10/003428-NPP-d30-06-10.json,./other/result_processing/results/d30-06-10/003428-NPP-d30-06-10-RR.json
./other/result_processing/graphs/d30-06-10/003429-NPP-d30-06-10.json,./other/result_processing/results/d30-06-10/003429-NPP-d30-06-10-RR.json
./other/result_processing/graphs/d30-06-10/003430-NPP-d30-06-10.json,./other/result_processing/results/d30-06-10/003430-NPP-d30-06-10-RR.json
./other/result_processing/graphs/d30-06-10/003431-NPP-d30-06-10.json,./other/result_processing/results/d30-06-10/003431-NPP-d30-06-10-RR.json
./other/result_processing/graphs/d30-06-10/003432-NPP-d30-06-10.json,./other/result_processing/results/d30-06-10/003432-NPP-d30-06-10-RR.json
./other/result_processing/graphs/d30-06-10/003433-NPP-d30-06-10.json,./other/result_processing/results/d30-06-10/003433-NPP-d30-06-10-RR.json
./other/result_processing/graphs/d30-06-10/003434-NPP-d30-06-10.json,./other/result_processing/results/d30-06-10/003434-NPP-d30-06-10-RR.json
./other/result_processing/graphs/d30-06-10/003435-NPP-d30-06-10.json,./other/result_processing/results/d30-06-10/003435-NPP-d30-06-10-RR.json
./other/result_processing/graphs/d30-06-10/003436-NPP-d30-06-10.json,./other/result_processing/results/d30-06-10/003436-NPP-d30-06-10-RR.json
./other/result_processing/graphs/d30-06-10/003437-NPP-d30-06-10.json,./other/result_processing/results/d30-06-10/003437-NPP-d30-06-10-RR.json
./other/result_processing/graphs/d30-06-10/003438-NPP-d30-06-10.json,./other/result_processing/results/d30-06-10/003438-NPP-d30-06-10-RR.json
./other/result_processing/graphs/d30-06-10/003439-NPP-d30-06-10.json,./other/result_processing/results/d30-06-10/003439-NPP-d30-06-10-RR.json
./other/result_processing/graphs/d30-06-10/003440-NPP-d30-06-10.json,./other/result_processing/results/d30-06-10/003440-NPP-d30-06-10-RR.json
./other/result_processing/graphs/d30-06-10/003441-NPP-d30-06-10.json,./other/result_processing/results/d30-06-10/003441-NPP-d30-06-10-RR.json
./other/result_processing/graphs/d30-06-10/003442-NPP-d30-06-10.json,./other/result_processing/results/d30-06-10/003442-NPP-d30-06-10-RR.json
./other/result_processing/graphs/d30-06-10/003443-NPP-d30-06-10.json,./other/result_processing/results/d30-06-10/003443-NPP-d30-06-10-RR.json
./other/result_processing/graphs/d30-06-10/003444-NPP-d30-06-10.json,./other/result_processing/results/d30-06-10/003444-NPP-d30-06-10-RR.json
./other/result_processing/graphs/d30-06-10/003445-NPP-d30-06-10.json,./other/result_processing/results/d30-06-10/003445-NPP-d30-06-10-RR.json
./other/result_processing/graphs/d30-06-10/003446-NPP-d30-06-10.json,./other/result_processing/results/d30-06-10/003446-NPP-d30-06-10-RR.json
./other/result_processing/graphs/d30-06-10/003447-NPP-d30-06-10.json,./other/result_processing/results/d30-06-10/003447-NPP-d30-06-10-RR.json
./other/result_processing/graphs/d30-06-10/003448-NPP-d30-06-10.json,./other/result_processing/results/d30-06-10/003448-NPP-d30-06-10-RR.json
./other/result_processing/graphs/d30-06-10/003449-NPP-d30-06-10.json,./other/result_processing/results/d30-06-10/003449-NPP-d30-06-10-RR.json
./other/result_processing/graphs/d30-06-10/003450-NPP-d30-06-10.json,./other/result_processing/results/d30-06-10/003450-NPP-d30-06-10-RR.json
./other/result_processing/graphs/d30-06-10/003451-NPP-d30-06-10.json,./other/result_processing/results/d30-06-10/003451-NPP-d30-06-10-RR.json
./other/result_processing/graphs/d30-06-10/003452-NPP-d30-06-10.json,./other/result_processing/results/d30-06-10/003452-NPP-d30-06-10-RR.json
./other/result_processing/graphs/d30-06-10/003453-NPP-d30-06-10.json,./other/result_processing/results/d30-06-10/003453-NPP-d30-06-10-RR.json
./other/result_processing/graphs/d30-06-10/003454-NPP-d30-06-10.json,./other/result_processing/results/d30-06-10/003454-NPP-d30-06-10-RR.json
./other/result_processing/graphs/d30-06-10/003455-NPP-d30-06-10.json,./other/result_processing/results/d30-06-10/003455-NPP-d30-06-10-RR.json
./other/result_processing/graphs/d30-06-10/003456-NPP-d30-06-10.json,./other/result_processing/results/d30-06-10/003456-NPP-d30-06-10-RR.json
./other/result_processing/graphs/d30-06-10/003457-NPP-d30-06-10.json,./other/result_processing/results/d30-06-10/003457-NPP-d30-06-10-RR.json
./other/result_processing/graphs/d30-06-10/003458-NPP-d30-06-10.json,./other/result_processing/results/d30-06-10/003458-NPP-d30-06-10-RR.json
./other/result_processing/graphs/d30-06-10/003459-NPP-d30-06-10.json,./other/result_processing/results/d30-06-10/003459-NPP-d30-06-10-RR.json
./other/result_processing/graphs/d30-06-10/003460-NPP-d30-06-10.json,./other/result_processing/results/d30-06-10/003460-NPP-d30-06-10-RR.json
./other/result_processing/graphs/d30-06-10/003461-NPP-d30-06-10.json,./other/result_processing/results/d30-06-10/003461-NPP-d30-06-10-RR.json
./other/result_processing/graphs/d30-06-10/003462-NPP-d30-06-10.json,./other/result_processing/results/d30-06-10/003462-NPP-d30-06-10-RR.json
./other/result_processing/graphs/d30-06-10/003463-NPP-d30-06-10.json,./other/result_processing/results/d30-06-10/003463-NPP-d30-06-10-RR.json
./other/result_processing/graphs/d30-06-10/003464-NPP-d30-06-10.json,./other/result_processing/results/d30-06-10/003464-NPP-d30-06-10-RR.json
./other/result_processing/graphs/d30-06-10/003465-NPP-d30-06-10.json,./other/result_processing/results/d30-06-10/003465-NPP-d30-06-10-RR.json
./other/result_processing/graphs/d30-06-10/003466-NPP-d30-06-10.json,./other/result_processing/results/d30-06-10/003466-NPP-d30-06-10-RR.json
./other/result_processing/graphs/d30-06-10/003467-NPP-d30-06-10.json,./other/result_processing/results/d30-06-10/003467-NPP-d30-06-10-RR.json
./other/result_processing/graphs/d30-06-10/003468-NPP-d30-06-10.json,./other/result_processing/results/d30-06-10/003468-NPP-d30-06-10-RR.json
./other/result_processing/graphs/d30-06-10/003469-NPP-d30-06-10.json,./other/result_processing/results/d30-06-10/003469-NPP-d30-06-10-RR.json
./other/result_processing/graphs/d30-06-10/003470-NPP-d30-06-10.json,./other/result_processing/results/d30-06-10/003470-NPP-d30-06-10-RR.json
./other/result_processing/graphs/d30-06-10/003471-NPP-d30-06-10.json,./other/result_processing/results/d30-06-10/003471-NPP-d30-06-10-RR.json
./other/result_processing/graphs/d30-06-10/003472-NPP-d30-06-10.json,./other/result_processing/results/d30-06-10/003472-NPP-d30-06-10-RR.json
./other/result_processing/graphs/d30-06-10/003473-NPP-d30-06-10.json,./other/result_processing/results/d30-06-10/003473-NPP-d30-06-10-RR.json
./other/result_processing/graphs/d30-06-10/003474-NPP-d30-06-10.json,./other/result_processing/results/d30-06-10/003474-NPP-d30-06-10-RR.json
./other/result_processing/graphs/d30-06-10/003475-NPP-d30-06-10.json,./other/result_processing/results/d30-06-10/003475-NPP-d30-06-10-RR.json
./other/result_processing/graphs/d30-06-10/003476-NPP-d30-06-10.json,./other/result_processing/results/d30-06-10/003476-NPP-d30-06-10-RR.json
./other/result_processing/graphs/d30-06-10/003477-NPP-d30-06-10.json,./other/result_processing/results/d30-06-10/003477-NPP-d30-06-10-RR.json
./other/result_processing/graphs/d30-06-10/003478-NPP-d30-06-10.json,./other/result_processing/results/d30-06-10/003478-NPP-d30-06-10-RR.json
./other/result_processing/graphs/d30-06-10/003479-NPP-d30-06-10.json,./other/result_processing/results/d30-06-10/003479-NPP-d30-06-10-RR.json
./other/result_processing/graphs/d30-06-10/003480-NPP-d30-06-10.json,./other/result_processing/results/d30-06-10/003480-NPP-d30-06-10-RR.json
./other/result_processing/graphs/d30-06-10/003481-NPP-d30-06-10.json,./other/result_processing/results/d30-06-10/003481-NPP-d30-06-10-RR.json
./other/result_processing/graphs/d30-06-10/003482-NPP-d30-06-10.json,./other/result_processing/results/d30-06-10/003482-NPP-d30-06-10-RR.json
./other/result_processing/graphs/d30-06-10/003483-NPP-d30-06-10.json,./other/result_processing/results/d30-06-10/003483-NPP-d30-06-10-RR.json
./other/result_processing/graphs/d30-06-10/003484-NPP-d30-06-10.json,./other/result_processing/results/d30-06-10/003484-NPP-d30-06-10-RR.json
./other/result_processing/graphs/d30-06-10/003485-NPP-d30-06-10.json,./other/result_processing/results/d30-06-10/003485-NPP-d30-06-10-RR.json
./other/result_processing/graphs/d30-06-10/003486-NPP-d30-06-10.json,./other/result_processing/results/d30-06-10/003486-NPP-d30-06-10-RR.json
./other/result_processing/graphs/d30-06-10/003487-NPP-d30-06-10.json,./other/result_processing/results/d30-06-10/003487-NPP-d30-06-10-RR.json
./other/result_processing/graphs/d30-06-10/003488-NPP-d30-06-10.json,./other/result_processing/results/d30-06-10/003488-NPP-d30-06-10-RR.json
./other/result_processing/graphs/d30-06-10/003489-NPP-d30-06-10.json,./other/result_processing/results/d30-06-10/003489-NPP-d30-06-10-RR.json
./other/result_processing/graphs/d30-06-10/003490-NPP-d30-06-10.json,./other/result_processing/results/d30-06-10/003490-NPP-d30-06-10-RR.json
./other/result_processing/graphs/d30-06-10/003491-NPP-d30-06-10.json,./other/result_processing/results/d30-06-10/003491-NPP-d30-06-10-RR.json
./other/result_processing/graphs/d30-06-10/003492-NPP-d30-06-10.json,./other/result_processing/results/d30-06-10/003492-NPP-d30-06-10-RR.json
./other/result_processing/graphs/d30-06-10/003493-NPP-d30-06-10.json,./other/result_processing/results/d30-06-10/003493-NPP-d30-06-10-RR.json
./other/result_processing/graphs/d30-06-10/003494-NPP-d30-06-10.json,./other/result_processing/results/d30-06-10/003494-NPP-d30-06-10-RR.json
./other/result_processing/graphs/d30-06-10/003495-NPP-d30-06-10.json,./other/result_processing/results/d30-06-10/003495-NPP-d30-06-10-RR.json
./other/result_processing/graphs/d30-06-10/003496-NPP-d30-06-10.json,./other/result_processing/results/d30-06-10/003496-NPP-d30-06-10-RR.json
./other/result_processing/graphs/d30-06-10/003497-NPP-d30-06-10.json,./other/result_processing/results/d30-06-10/003497-NPP-d30-06-10-RR.json
./other/result_processing/graphs/d30-06-10/003498-NPP-d30-06-10.json,./other/result_processing/results/d30-06-10/003498-NPP-d30-06-10-RR.json
./other/result_processing/graphs/d30-06-10/003499-NPP-d30-06-10.json,./other/result_processing/results/d30-06-10/003499-NPP-d30-06-10-RR.json
