input_process_result_file_before,input_process_result_file_after,export_edge_dataframe_file,export_meta_dataframe_file
./other/result_processing/result_process/d30-06-10/000000-NPP-d30-06-10-PR.pkl,./other/result_processing/result_process/d30-06-10/007906-NPP-d30-06-10-PR.pkl,./tmp/edge_dataframe.pkl,./tmp/meta_dataframe.pkl
./other/result_processing/result_process/d30-06-10/000000-NPP-d30-06-10-PR.pkl,./other/result_processing/result_process/d30-06-10/008130-NPP-d30-06-10-PR.pkl,./tmp/edge_dataframe.pkl,./tmp/meta_dataframe.pkl
./other/result_processing/result_process/d30-06-10/000000-NPP-d30-06-10-PR.pkl,./other/result_processing/result_process/d30-06-10/007300-NPP-d30-06-10-PR.pkl,./tmp/edge_dataframe.pkl,./tmp/meta_dataframe.pkl
./other/result_processing/result_process/d30-06-10/000000-NPP-d30-06-10-PR.pkl,./other/result_processing/result_process/d30-06-10/007381-NPP-d30-06-10-PR.pkl,./tmp/edge_dataframe.pkl,./tmp/meta_dataframe.pkl
./other/result_processing/result_process/d30-06-10/000000-NPP-d30-06-10-PR.pkl,./other/result_processing/result_process/d30-06-10/007799-NPP-d30-06-10-PR.pkl,./tmp/edge_dataframe.pkl,./tmp/meta_dataframe.pkl
./other/result_processing/result_process/d30-06-10/000000-NPP-d30-06-10-PR.pkl,./other/result_processing/result_process/d30-06-10/007685-NPP-d30-06-10-PR.pkl,./tmp/edge_dataframe.pkl,./tmp/meta_dataframe.pkl
./other/result_processing/result_process/d30-06-10/000000-NPP-d30-06-10-PR.pkl,./other/result_processing/result_process/d30-06-10/008226-NPP-d30-06-10-PR.pkl,./tmp/edge_dataframe.pkl,./tmp/meta_dataframe.pkl
./other/result_processing/result_process/d30-06-10/000000-NPP-d30-06-10-PR.pkl,./other/result_processing/result_process/d30-06-10/007490-NPP-d30-06-10-PR.pkl,./tmp/edge_dataframe.pkl,./tmp/meta_dataframe.pkl
./other/result_processing/result_process/d30-06-10/000000-NPP-d30-06-10-PR.pkl,./other/result_processing/result_process/d30-06-10/008017-NPP-d30-06-10-PR.pkl,./tmp/edge_dataframe.pkl,./tmp/meta_dataframe.pkl
./other/result_processing/result_process/d30-06-10/000000-NPP-d30-06-10-PR.pkl,./other/result_processing/result_process/d30-06-10/007611-NPP-d30-06-10-PR.pkl,./tmp/edge_dataframe.pkl,./tmp/meta_dataframe.pkl
./other/result_processing/result_process/d30-06-10/000000-NPP-d30-06-10-PR.pkl,./other/result_processing/result_process/d30-06-10/007907-NPP-d30-06-10-PR.pkl,./tmp/edge_dataframe.pkl,./tmp/meta_dataframe.pkl
./other/result_processing/result_process/d30-06-10/000000-NPP-d30-06-10-PR.pkl,./other/result_processing/result_process/d30-06-10/007203-NPP-d30-06-10-PR.pkl,./tmp/edge_dataframe.pkl,./tmp/meta_dataframe.pkl
./other/result_processing/result_process/d30-06-10/000000-NPP-d30-06-10-PR.pkl,./other/result_processing/result_process/d30-06-10/008307-NPP-d30-06-10-PR.pkl,./tmp/edge_dataframe.pkl,./tmp/meta_dataframe.pkl
./other/result_processing/result_process/d30-06-10/000000-NPP-d30-06-10-PR.pkl,./other/result_processing/result_process/d30-06-10/008131-NPP-d30-06-10-PR.pkl,./tmp/edge_dataframe.pkl,./tmp/meta_dataframe.pkl
./other/result_processing/result_process/d30-06-10/000000-NPP-d30-06-10-PR.pkl,./other/result_processing/result_process/d30-06-10/007301-NPP-d30-06-10-PR.pkl,./tmp/edge_dataframe.pkl,./tmp/meta_dataframe.pkl
./other/result_processing/result_process/d30-06-10/000000-NPP-d30-06-10-PR.pkl,./other/result_processing/result_process/d30-06-10/007382-NPP-d30-06-10-PR.pkl,./tmp/edge_dataframe.pkl,./tmp/meta_dataframe.pkl
./other/result_processing/result_process/d30-06-10/000000-NPP-d30-06-10-PR.pkl,./other/result_processing/result_process/d30-06-10/006981-NPP-d30-06-10-PR.pkl,./tmp/edge_dataframe.pkl,./tmp/meta_dataframe.pkl
./other/result_processing/result_process/d30-06-10/000000-NPP-d30-06-10-PR.pkl,./other/result_processing/result_process/d30-06-10/007491-NPP-d30-06-10-PR.pkl,./tmp/edge_dataframe.pkl,./tmp/meta_dataframe.pkl
./other/result_processing/result_process/d30-06-10/000000-NPP-d30-06-10-PR.pkl,./other/result_processing/result_process/d30-06-10/007686-NPP-d30-06-10-PR.pkl,./tmp/edge_dataframe.pkl,./tmp/meta_dataframe.pkl
./other/result_processing/result_process/d30-06-10/000000-NPP-d30-06-10-PR.pkl,./other/result_processing/result_process/d30-06-10/007908-NPP-d30-06-10-PR.pkl,./tmp/edge_dataframe.pkl,./tmp/meta_dataframe.pkl
./other/result_processing/result_process/d30-06-10/000000-NPP-d30-06-10-PR.pkl,./other/result_processing/result_process/d30-06-10/008018-NPP-d30-06-10-PR.pkl,./tmp/edge_dataframe.pkl,./tmp/meta_dataframe.pkl
./other/result_processing/result_process/d30-06-10/000000-NPP-d30-06-10-PR.pkl,./other/result_processing/result_process/d30-06-10/007204-NPP-d30-06-10-PR.pkl,./tmp/edge_dataframe.pkl,./tmp/meta_dataframe.pkl
./other/result_processing/result_process/d30-06-10/000000-NPP-d30-06-10-PR.pkl,./other/result_processing/result_process/d30-06-10/008308-NPP-d30-06-10-PR.pkl,./tmp/edge_dataframe.pkl,./tmp/meta_dataframe.pkl
./other/result_processing/result_process/d30-06-10/000000-NPP-d30-06-10-PR.pkl,./other/result_processing/result_process/d30-06-10/008132-NPP-d30-06-10-PR.pkl,./tmp/edge_dataframe.pkl,./tmp/meta_dataframe.pkl
./other/result_processing/result_process/d30-06-10/000000-NPP-d30-06-10-PR.pkl,./other/result_processing/result_process/d30-06-10/007302-NPP-d30-06-10-PR.pkl,./tmp/edge_dataframe.pkl,./tmp/meta_dataframe.pkl
./other/result_processing/result_process/d30-06-10/000000-NPP-d30-06-10-PR.pkl,./other/result_processing/result_process/d30-06-10/007383-NPP-d30-06-10-PR.pkl,./tmp/edge_dataframe.pkl,./tmp/meta_dataframe.pkl
./other/result_processing/result_process/d30-06-10/000000-NPP-d30-06-10-PR.pkl,./other/result_processing/result_process/d30-06-10/007800-NPP-d30-06-10-PR.pkl,./tmp/edge_dataframe.pkl,./tmp/meta_dataframe.pkl
./other/result_processing/result_process/d30-06-10/000000-NPP-d30-06-10-PR.pkl,./other/result_processing/result_process/d30-06-10/007492-NPP-d30-06-10-PR.pkl,./tmp/edge_dataframe.pkl,./tmp/meta_dataframe.pkl
./other/result_processing/result_process/d30-06-10/000000-NPP-d30-06-10-PR.pkl,./other/result_processing/result_process/d30-06-10/008227-NPP-d30-06-10-PR.pkl,./tmp/edge_dataframe.pkl,./tmp/meta_dataframe.pkl
./other/result_processing/result_process/d30-06-10/000000-NPP-d30-06-10-PR.pkl,./other/result_processing/result_process/d30-06-10/007205-NPP-d30-06-10-PR.pkl,./tmp/edge_dataframe.pkl,./tmp/meta_dataframe.pkl
./other/result_processing/result_process/d30-06-10/000000-NPP-d30-06-10-PR.pkl,./other/result_processing/result_process/d30-06-10/008019-NPP-d30-06-10-PR.pkl,./tmp/edge_dataframe.pkl,./tmp/meta_dataframe.pkl
./other/result_processing/result_process/d30-06-10/000000-NPP-d30-06-10-PR.pkl,./other/result_processing/result_process/d30-06-10/007909-NPP-d30-06-10-PR.pkl,./tmp/edge_dataframe.pkl,./tmp/meta_dataframe.pkl
./other/result_processing/result_process/d30-06-10/000000-NPP-d30-06-10-PR.pkl,./other/result_processing/result_process/d30-06-10/007687-NPP-d30-06-10-PR.pkl,./tmp/edge_dataframe.pkl,./tmp/meta_dataframe.pkl
./other/result_processing/result_process/d30-06-10/000000-NPP-d30-06-10-PR.pkl,./other/result_processing/result_process/d30-06-10/007612-NPP-d30-06-10-PR.pkl,./tmp/edge_dataframe.pkl,./tmp/meta_dataframe.pkl
./other/result_processing/result_process/d30-06-10/000000-NPP-d30-06-10-PR.pkl,./other/result_processing/result_process/d30-06-10/008133-NPP-d30-06-10-PR.pkl,./tmp/edge_dataframe.pkl,./tmp/meta_dataframe.pkl
./other/result_processing/result_process/d30-06-10/000000-NPP-d30-06-10-PR.pkl,./other/result_processing/result_process/d30-06-10/007384-NPP-d30-06-10-PR.pkl,./tmp/edge_dataframe.pkl,./tmp/meta_dataframe.pkl
./other/result_processing/result_process/d30-06-10/000000-NPP-d30-06-10-PR.pkl,./other/result_processing/result_process/d30-06-10/008309-NPP-d30-06-10-PR.pkl,./tmp/edge_dataframe.pkl,./tmp/meta_dataframe.pkl
./other/result_processing/result_process/d30-06-10/000000-NPP-d30-06-10-PR.pkl,./other/result_processing/result_process/d30-06-10/007493-NPP-d30-06-10-PR.pkl,./tmp/edge_dataframe.pkl,./tmp/meta_dataframe.pkl
./other/result_processing/result_process/d30-06-10/000000-NPP-d30-06-10-PR.pkl,./other/result_processing/result_process/d30-06-10/006982-NPP-d30-06-10-PR.pkl,./tmp/edge_dataframe.pkl,./tmp/meta_dataframe.pkl
./other/result_processing/result_process/d30-06-10/000000-NPP-d30-06-10-PR.pkl,./other/result_processing/result_process/d30-06-10/008228-NPP-d30-06-10-PR.pkl,./tmp/edge_dataframe.pkl,./tmp/meta_dataframe.pkl
./other/result_processing/result_process/d30-06-10/000000-NPP-d30-06-10-PR.pkl,./other/result_processing/result_process/d30-06-10/007303-NPP-d30-06-10-PR.pkl,./tmp/edge_dataframe.pkl,./tmp/meta_dataframe.pkl
./other/result_processing/result_process/d30-06-10/000000-NPP-d30-06-10-PR.pkl,./other/result_processing/result_process/d30-06-10/008020-NPP-d30-06-10-PR.pkl,./tmp/edge_dataframe.pkl,./tmp/meta_dataframe.pkl
./other/result_processing/result_process/d30-06-10/000000-NPP-d30-06-10-PR.pkl,./other/result_processing/result_process/d30-06-10/007910-NPP-d30-06-10-PR.pkl,./tmp/edge_dataframe.pkl,./tmp/meta_dataframe.pkl
./other/result_processing/result_process/d30-06-10/000000-NPP-d30-06-10-PR.pkl,./other/result_processing/result_process/d30-06-10/008134-NPP-d30-06-10-PR.pkl,./tmp/edge_dataframe.pkl,./tmp/meta_dataframe.pkl
./other/result_processing/result_process/d30-06-10/000000-NPP-d30-06-10-PR.pkl,./other/result_processing/result_process/d30-06-10/007688-NPP-d30-06-10-PR.pkl,./tmp/edge_dataframe.pkl,./tmp/meta_dataframe.pkl
./other/result_processing/result_process/d30-06-10/000000-NPP-d30-06-10-PR.pkl,./other/result_processing/result_process/d30-06-10/007801-NPP-d30-06-10-PR.pkl,./tmp/edge_dataframe.pkl,./tmp/meta_dataframe.pkl
./other/result_processing/result_process/d30-06-10/000000-NPP-d30-06-10-PR.pkl,./other/result_processing/result_process/d30-06-10/007613-NPP-d30-06-10-PR.pkl,./tmp/edge_dataframe.pkl,./tmp/meta_dataframe.pkl
./other/result_processing/result_process/d30-06-10/000000-NPP-d30-06-10-PR.pkl,./other/result_processing/result_process/d30-06-10/007494-NPP-d30-06-10-PR.pkl,./tmp/edge_dataframe.pkl,./tmp/meta_dataframe.pkl
./other/result_processing/result_process/d30-06-10/000000-NPP-d30-06-10-PR.pkl,./other/result_processing/result_process/d30-06-10/008229-NPP-d30-06-10-PR.pkl,./tmp/edge_dataframe.pkl,./tmp/meta_dataframe.pkl
./other/result_processing/result_process/d30-06-10/000000-NPP-d30-06-10-PR.pkl,./other/result_processing/result_process/d30-06-10/006983-NPP-d30-06-10-PR.pkl,./tmp/edge_dataframe.pkl,./tmp/meta_dataframe.pkl
./other/result_processing/result_process/d30-06-10/000000-NPP-d30-06-10-PR.pkl,./other/result_processing/result_process/d30-06-10/008021-NPP-d30-06-10-PR.pkl,./tmp/edge_dataframe.pkl,./tmp/meta_dataframe.pkl
./other/result_processing/result_process/d30-06-10/000000-NPP-d30-06-10-PR.pkl,./other/result_processing/result_process/d30-06-10/008310-NPP-d30-06-10-PR.pkl,./tmp/edge_dataframe.pkl,./tmp/meta_dataframe.pkl
./other/result_processing/result_process/d30-06-10/000000-NPP-d30-06-10-PR.pkl,./other/result_processing/result_process/d30-06-10/007304-NPP-d30-06-10-PR.pkl,./tmp/edge_dataframe.pkl,./tmp/meta_dataframe.pkl
./other/result_processing/result_process/d30-06-10/000000-NPP-d30-06-10-PR.pkl,./other/result_processing/result_process/d30-06-10/007385-NPP-d30-06-10-PR.pkl,./tmp/edge_dataframe.pkl,./tmp/meta_dataframe.pkl
./other/result_processing/result_process/d30-06-10/000000-NPP-d30-06-10-PR.pkl,./other/result_processing/result_process/d30-06-10/007614-NPP-d30-06-10-PR.pkl,./tmp/edge_dataframe.pkl,./tmp/meta_dataframe.pkl
./other/result_processing/result_process/d30-06-10/000000-NPP-d30-06-10-PR.pkl,./other/result_processing/result_process/d30-06-10/008135-NPP-d30-06-10-PR.pkl,./tmp/edge_dataframe.pkl,./tmp/meta_dataframe.pkl
./other/result_processing/result_process/d30-06-10/000000-NPP-d30-06-10-PR.pkl,./other/result_processing/result_process/d30-06-10/007689-NPP-d30-06-10-PR.pkl,./tmp/edge_dataframe.pkl,./tmp/meta_dataframe.pkl
./other/result_processing/result_process/d30-06-10/000000-NPP-d30-06-10-PR.pkl,./other/result_processing/result_process/d30-06-10/008230-NPP-d30-06-10-PR.pkl,./tmp/edge_dataframe.pkl,./tmp/meta_dataframe.pkl
./other/result_processing/result_process/d30-06-10/000000-NPP-d30-06-10-PR.pkl,./other/result_processing/result_process/d30-06-10/007495-NPP-d30-06-10-PR.pkl,./tmp/edge_dataframe.pkl,./tmp/meta_dataframe.pkl
./other/result_processing/result_process/d30-06-10/000000-NPP-d30-06-10-PR.pkl,./other/result_processing/result_process/d30-06-10/006984-NPP-d30-06-10-PR.pkl,./tmp/edge_dataframe.pkl,./tmp/meta_dataframe.pkl
./other/result_processing/result_process/d30-06-10/000000-NPP-d30-06-10-PR.pkl,./other/result_processing/result_process/d30-06-10/008311-NPP-d30-06-10-PR.pkl,./tmp/edge_dataframe.pkl,./tmp/meta_dataframe.pkl
./other/result_processing/result_process/d30-06-10/000000-NPP-d30-06-10-PR.pkl,./other/result_processing/result_process/d30-06-10/008022-NPP-d30-06-10-PR.pkl,./tmp/edge_dataframe.pkl,./tmp/meta_dataframe.pkl
./other/result_processing/result_process/d30-06-10/000000-NPP-d30-06-10-PR.pkl,./other/result_processing/result_process/d30-06-10/007305-NPP-d30-06-10-PR.pkl,./tmp/edge_dataframe.pkl,./tmp/meta_dataframe.pkl
./other/result_processing/result_process/d30-06-10/000000-NPP-d30-06-10-PR.pkl,./other/result_processing/result_process/d30-06-10/007911-NPP-d30-06-10-PR.pkl,./tmp/edge_dataframe.pkl,./tmp/meta_dataframe.pkl
./other/result_processing/result_process/d30-06-10/000000-NPP-d30-06-10-PR.pkl,./other/result_processing/result_process/d30-06-10/007615-NPP-d30-06-10-PR.pkl,./tmp/edge_dataframe.pkl,./tmp/meta_dataframe.pkl
./other/result_processing/result_process/d30-06-10/000000-NPP-d30-06-10-PR.pkl,./other/result_processing/result_process/d30-06-10/007802-NPP-d30-06-10-PR.pkl,./tmp/edge_dataframe.pkl,./tmp/meta_dataframe.pkl
./other/result_processing/result_process/d30-06-10/000000-NPP-d30-06-10-PR.pkl,./other/result_processing/result_process/d30-06-10/007387-NPP-d30-06-10-PR.pkl,./tmp/edge_dataframe.pkl,./tmp/meta_dataframe.pkl
./other/result_processing/result_process/d30-06-10/000000-NPP-d30-06-10-PR.pkl,./other/result_processing/result_process/d30-06-10/008231-NPP-d30-06-10-PR.pkl,./tmp/edge_dataframe.pkl,./tmp/meta_dataframe.pkl
./other/result_processing/result_process/d30-06-10/000000-NPP-d30-06-10-PR.pkl,./other/result_processing/result_process/d30-06-10/008023-NPP-d30-06-10-PR.pkl,./tmp/edge_dataframe.pkl,./tmp/meta_dataframe.pkl
./other/result_processing/result_process/d30-06-10/000000-NPP-d30-06-10-PR.pkl,./other/result_processing/result_process/d30-06-10/007496-NPP-d30-06-10-PR.pkl,./tmp/edge_dataframe.pkl,./tmp/meta_dataframe.pkl
./other/result_processing/result_process/d30-06-10/000000-NPP-d30-06-10-PR.pkl,./other/result_processing/result_process/d30-06-10/008312-NPP-d30-06-10-PR.pkl,./tmp/edge_dataframe.pkl,./tmp/meta_dataframe.pkl
./other/result_processing/result_process/d30-06-10/000000-NPP-d30-06-10-PR.pkl,./other/result_processing/result_process/d30-06-10/006985-NPP-d30-06-10-PR.pkl,./tmp/edge_dataframe.pkl,./tmp/meta_dataframe.pkl
./other/result_processing/result_process/d30-06-10/000000-NPP-d30-06-10-PR.pkl,./other/result_processing/result_process/d30-06-10/007690-NPP-d30-06-10-PR.pkl,./tmp/edge_dataframe.pkl,./tmp/meta_dataframe.pkl
./other/result_processing/result_process/d30-06-10/000000-NPP-d30-06-10-PR.pkl,./other/result_processing/result_process/d30-06-10/008136-NPP-d30-06-10-PR.pkl,./tmp/edge_dataframe.pkl,./tmp/meta_dataframe.pkl
./other/result_processing/result_process/d30-06-10/000000-NPP-d30-06-10-PR.pkl,./other/result_processing/result_process/d30-06-10/007616-NPP-d30-06-10-PR.pkl,./tmp/edge_dataframe.pkl,./tmp/meta_dataframe.pkl
./other/result_processing/result_process/d30-06-10/000000-NPP-d30-06-10-PR.pkl,./other/result_processing/result_process/d30-06-10/008232-NPP-d30-06-10-PR.pkl,./tmp/edge_dataframe.pkl,./tmp/meta_dataframe.pkl
./other/result_processing/result_process/d30-06-10/000000-NPP-d30-06-10-PR.pkl,./other/result_processing/result_process/d30-06-10/007803-NPP-d30-06-10-PR.pkl,./tmp/edge_dataframe.pkl,./tmp/meta_dataframe.pkl
./other/result_processing/result_process/d30-06-10/000000-NPP-d30-06-10-PR.pkl,./other/result_processing/result_process/d30-06-10/008313-NPP-d30-06-10-PR.pkl,./tmp/edge_dataframe.pkl,./tmp/meta_dataframe.pkl
./other/result_processing/result_process/d30-06-10/000000-NPP-d30-06-10-PR.pkl,./other/result_processing/result_process/d30-06-10/007498-NPP-d30-06-10-PR.pkl,./tmp/edge_dataframe.pkl,./tmp/meta_dataframe.pkl
./other/result_processing/result_process/d30-06-10/000000-NPP-d30-06-10-PR.pkl,./other/result_processing/result_process/d30-06-10/007388-NPP-d30-06-10-PR.pkl,./tmp/edge_dataframe.pkl,./tmp/meta_dataframe.pkl
./other/result_processing/result_process/d30-06-10/000000-NPP-d30-06-10-PR.pkl,./other/result_processing/result_process/d30-06-10/006986-NPP-d30-06-10-PR.pkl,./tmp/edge_dataframe.pkl,./tmp/meta_dataframe.pkl
./other/result_processing/result_process/d30-06-10/000000-NPP-d30-06-10-PR.pkl,./other/result_processing/result_process/d30-06-10/007913-NPP-d30-06-10-PR.pkl,./tmp/edge_dataframe.pkl,./tmp/meta_dataframe.pkl
./other/result_processing/result_process/d30-06-10/000000-NPP-d30-06-10-PR.pkl,./other/result_processing/result_process/d30-06-10/008024-NPP-d30-06-10-PR.pkl,./tmp/edge_dataframe.pkl,./tmp/meta_dataframe.pkl
./other/result_processing/result_process/d30-06-10/000000-NPP-d30-06-10-PR.pkl,./other/result_processing/result_process/d30-06-10/007617-NPP-d30-06-10-PR.pkl,./tmp/edge_dataframe.pkl,./tmp/meta_dataframe.pkl
./other/result_processing/result_process/d30-06-10/000000-NPP-d30-06-10-PR.pkl,./other/result_processing/result_process/d30-06-10/008233-NPP-d30-06-10-PR.pkl,./tmp/edge_dataframe.pkl,./tmp/meta_dataframe.pkl
./other/result_processing/result_process/d30-06-10/000000-NPP-d30-06-10-PR.pkl,./other/result_processing/result_process/d30-06-10/007691-NPP-d30-06-10-PR.pkl,./tmp/edge_dataframe.pkl,./tmp/meta_dataframe.pkl
./other/result_processing/result_process/d30-06-10/000000-NPP-d30-06-10-PR.pkl,./other/result_processing/result_process/d30-06-10/008137-NPP-d30-06-10-PR.pkl,./tmp/edge_dataframe.pkl,./tmp/meta_dataframe.pkl
./other/result_processing/result_process/d30-06-10/000000-NPP-d30-06-10-PR.pkl,./other/result_processing/result_process/d30-06-10/007804-NPP-d30-06-10-PR.pkl,./tmp/edge_dataframe.pkl,./tmp/meta_dataframe.pkl
./other/result_processing/result_process/d30-06-10/000000-NPP-d30-06-10-PR.pkl,./other/result_processing/result_process/d30-06-10/008314-NPP-d30-06-10-PR.pkl,./tmp/edge_dataframe.pkl,./tmp/meta_dataframe.pkl
./other/result_processing/result_process/d30-06-10/000000-NPP-d30-06-10-PR.pkl,./other/result_processing/result_process/d30-06-10/007499-NPP-d30-06-10-PR.pkl,./tmp/edge_dataframe.pkl,./tmp/meta_dataframe.pkl
./other/result_processing/result_process/d30-06-10/000000-NPP-d30-06-10-PR.pkl,./other/result_processing/result_process/d30-06-10/006987-NPP-d30-06-10-PR.pkl,./tmp/edge_dataframe.pkl,./tmp/meta_dataframe.pkl
./other/result_processing/result_process/d30-06-10/000000-NPP-d30-06-10-PR.pkl,./other/result_processing/result_process/d30-06-10/007389-NPP-d30-06-10-PR.pkl,./tmp/edge_dataframe.pkl,./tmp/meta_dataframe.pkl
./other/result_processing/result_process/d30-06-10/000000-NPP-d30-06-10-PR.pkl,./other/result_processing/result_process/d30-06-10/008234-NPP-d30-06-10-PR.pkl,./tmp/edge_dataframe.pkl,./tmp/meta_dataframe.pkl
./other/result_processing/result_process/d30-06-10/000000-NPP-d30-06-10-PR.pkl,./other/result_processing/result_process/d30-06-10/007618-NPP-d30-06-10-PR.pkl,./tmp/edge_dataframe.pkl,./tmp/meta_dataframe.pkl
./other/result_processing/result_process/d30-06-10/000000-NPP-d30-06-10-PR.pkl,./other/result_processing/result_process/d30-06-10/008025-NPP-d30-06-10-PR.pkl,./tmp/edge_dataframe.pkl,./tmp/meta_dataframe.pkl
./other/result_processing/result_process/d30-06-10/000000-NPP-d30-06-10-PR.pkl,./other/result_processing/result_process/d30-06-10/007914-NPP-d30-06-10-PR.pkl,./tmp/edge_dataframe.pkl,./tmp/meta_dataframe.pkl
./other/result_processing/result_process/d30-06-10/000000-NPP-d30-06-10-PR.pkl,./other/result_processing/result_process/d30-06-10/008315-NPP-d30-06-10-PR.pkl,./tmp/edge_dataframe.pkl,./tmp/meta_dataframe.pkl
./other/result_processing/result_process/d30-06-10/000000-NPP-d30-06-10-PR.pkl,./other/result_processing/result_process/d30-06-10/007805-NPP-d30-06-10-PR.pkl,./tmp/edge_dataframe.pkl,./tmp/meta_dataframe.pkl
./other/result_processing/result_process/d30-06-10/000000-NPP-d30-06-10-PR.pkl,./other/result_processing/result_process/d30-06-10/008138-NPP-d30-06-10-PR.pkl,./tmp/edge_dataframe.pkl,./tmp/meta_dataframe.pkl
./other/result_processing/result_process/d30-06-10/000000-NPP-d30-06-10-PR.pkl,./other/result_processing/result_process/d30-06-10/007500-NPP-d30-06-10-PR.pkl,./tmp/edge_dataframe.pkl,./tmp/meta_dataframe.pkl
